2026-07-23T09:20:16.072+08:00  INFO 24644 --- [main] c.ccb.lighting.SmartLightingApplication  : Starting SmartLightingApplication using Java 23.0.2 with PID 24644 (C:\Users\14168\Desktop\项目参考\项目实体\smart-lighting\target\classes started by 14168 in C:\Users\14168\Desktop\项目参考\项目实体\smart-lighting)
2026-07-23T09:20:16.082+08:00 DEBUG 24644 --- [main] c.ccb.lighting.SmartLightingApplication  : Running with Spring Boot v3.2.5, Spring v6.1.6
2026-07-23T09:20:16.083+08:00  INFO 24644 --- [main] c.ccb.lighting.SmartLightingApplication  : The following 1 profile is active: "dev"
2026-07-23T09:20:17.517+08:00  INFO 24644 --- [main] o.s.b.w.embedded.tomcat.TomcatWebServer  : Tomcat initialized with port 8080 (http)
2026-07-23T09:20:17.531+08:00  INFO 24644 --- [main] o.apache.catalina.core.StandardService   : Starting service [Tomcat]
2026-07-23T09:20:17.531+08:00  INFO 24644 --- [main] o.apache.catalina.core.StandardEngine    : Starting Servlet engine: [Apache Tomcat/10.1.20]
2026-07-23T09:20:17.590+08:00  INFO 24644 --- [main] o.a.c.c.C.[Tomcat].[localhost].[/api]    : Initializing Spring embedded WebApplicationContext
2026-07-23T09:20:17.591+08:00  INFO 24644 --- [main] w.s.c.ServletWebServerApplicationContext : Root WebApplicationContext: initialization completed in 1426 ms
2026-07-23T09:20:17.855+08:00 DEBUG 24644 --- [main] c.b.m.e.s.MybatisSqlSessionFactoryBean   : Registered plugin: 'MybatisPlusInterceptor{interceptors=[PaginationInnerInterceptor(logger=org.apache.ibatis.logging.slf4j.Slf4jImpl@662e682a, overflow=false, maxLimit=null, dbType=MYSQL, dialect=null, optimizeJoin=true)]}'
2026-07-23T09:20:17.858+08:00 DEBUG 24644 --- [main] c.b.m.e.s.MybatisSqlSessionFactoryBean   : Property 'mapperLocations' was not specified.
2026-07-23T09:20:18.934+08:00  INFO 24644 --- [main] o.s.b.w.embedded.tomcat.TomcatWebServer  : Tomcat started on port 8080 (http) with context path '/api'
2026-07-23T09:20:18.942+08:00  INFO 24644 --- [main] c.ccb.lighting.SmartLightingApplication  : Started SmartLightingApplication in 3.367 seconds (process running for 4.688)
2026-07-23T09:20:55.639+08:00  INFO 24644 --- [http-nio-8080-exec-3] o.a.c.c.C.[Tomcat].[localhost].[/api]    : Initializing Spring DispatcherServlet 'dispatcherServlet'
2026-07-23T09:20:55.639+08:00  INFO 24644 --- [http-nio-8080-exec-3] o.s.web.servlet.DispatcherServlet        : Initializing Servlet 'dispatcherServlet'
2026-07-23T09:20:55.640+08:00  INFO 24644 --- [http-nio-8080-exec-3] o.s.web.servlet.DispatcherServlet        : Completed initialization in 1 ms
2026-07-23T09:20:55.910+08:00  INFO 24644 --- [http-nio-8080-exec-3] com.zaxxer.hikari.HikariDataSource       : HikariPool-1 - Starting...
2026-07-23T09:20:57.085+08:00 ERROR 24644 --- [http-nio-8080-exec-3] com.zaxxer.hikari.pool.HikariPool        : HikariPool-1 - Exception during pool initialization.

java.sql.SQLNonTransientConnectionException: Public Key Retrieval is not allowed
	at com.mysql.cj.jdbc.exceptions.SQLError.createSQLException(SQLError.java:111) ~[mysql-connector-j-8.3.0.jar:8.3.0]
	at com.mysql.cj.jdbc.exceptions.SQLExceptionsMapping.translateException(SQLExceptionsMapping.java:122) ~[mysql-connector-j-8.3.0.jar:8.3.0]
	at com.mysql.cj.jdbc.ConnectionImpl.createNewIO(ConnectionImpl.java:815) ~[mysql-connector-j-8.3.0.jar:8.3.0]
	at com.mysql.cj.jdbc.ConnectionImpl.<init>(ConnectionImpl.java:438) ~[mysql-connector-j-8.3.0.jar:8.3.0]
	at com.mysql.cj.jdbc.ConnectionImpl.getInstance(ConnectionImpl.java:241) ~[mysql-connector-j-8.3.0.jar:8.3.0]
	at com.mysql.cj.jdbc.NonRegisteringDriver.connect(NonRegisteringDriver.java:189) ~[mysql-connector-j-8.3.0.jar:8.3.0]
	at com.zaxxer.hikari.util.DriverDataSource.getConnection(DriverDataSource.java:138) ~[HikariCP-5.0.1.jar:na]
	at com.zaxxer.hikari.pool.PoolBase.newConnection(PoolBase.java:359) ~[HikariCP-5.0.1.jar:na]
	at com.zaxxer.hikari.pool.PoolBase.newPoolEntry(PoolBase.java:201) ~[HikariCP-5.0.1.jar:na]
	at com.zaxxer.hikari.pool.HikariPool.createPoolEntry(HikariPool.java:470) ~[HikariCP-5.0.1.jar:na]
	at com.zaxxer.hikari.pool.HikariPool.checkFailFast(HikariPool.java:561) ~[HikariCP-5.0.1.jar:na]
	at com.zaxxer.hikari.pool.HikariPool.<init>(HikariPool.java:100) ~[HikariCP-5.0.1.jar:na]
	at com.zaxxer.hikari.HikariDataSource.getConnection(HikariDataSource.java:112) ~[HikariCP-5.0.1.jar:na]
	at org.springframework.jdbc.datasource.DataSourceUtils.fetchConnection(DataSourceUtils.java:160) ~[spring-jdbc-6.1.6.jar:6.1.6]
	at org.springframework.jdbc.datasource.DataSourceUtils.doGetConnection(DataSourceUtils.java:118) ~[spring-jdbc-6.1.6.jar:6.1.6]
	at org.springframework.jdbc.datasource.DataSourceUtils.getConnection(DataSourceUtils.java:81) ~[spring-jdbc-6.1.6.jar:6.1.6]
	at org.mybatis.spring.transaction.SpringManagedTransaction.openConnection(SpringManagedTransaction.java:80) ~[mybatis-spring-3.0.3.jar:3.0.3]
	at org.mybatis.spring.transaction.SpringManagedTransaction.getConnection(SpringManagedTransaction.java:67) ~[mybatis-spring-3.0.3.jar:3.0.3]
	at org.apache.ibatis.executor.BaseExecutor.getConnection(BaseExecutor.java:348) ~[mybatis-3.5.16.jar:3.5.16]
	at org.apache.ibatis.executor.SimpleExecutor.prepareStatement(SimpleExecutor.java:89) ~[mybatis-3.5.16.jar:3.5.16]
	at org.apache.ibatis.executor.SimpleExecutor.doQuery(SimpleExecutor.java:64) ~[mybatis-3.5.16.jar:3.5.16]
	at org.apache.ibatis.executor.BaseExecutor.queryFromDatabase(BaseExecutor.java:336) ~[mybatis-3.5.16.jar:3.5.16]
	at org.apache.ibatis.executor.BaseExecutor.query(BaseExecutor.java:158) ~[mybatis-3.5.16.jar:3.5.16]
	at org.apache.ibatis.executor.CachingExecutor.query(CachingExecutor.java:110) ~[mybatis-3.5.16.jar:3.5.16]
	at com.baomidou.mybatisplus.extension.plugins.MybatisPlusInterceptor.intercept(MybatisPlusInterceptor.java:81) ~[mybatis-plus-extension-3.5.7.jar:3.5.7]
	at org.apache.ibatis.plugin.Plugin.invoke(Plugin.java:59) ~[mybatis-3.5.16.jar:3.5.16]
	at jdk.proxy2/jdk.proxy2.$Proxy114.query(Unknown Source) ~[na:na]
	at org.apache.ibatis.session.defaults.DefaultSqlSession.selectList(DefaultSqlSession.java:154) ~[mybatis-3.5.16.jar:3.5.16]
	at org.apache.ibatis.session.defaults.DefaultSqlSession.selectList(DefaultSqlSession.java:147) ~[mybatis-3.5.16.jar:3.5.16]
	at org.apache.ibatis.session.defaults.DefaultSqlSession.selectList(DefaultSqlSession.java:142) ~[mybatis-3.5.16.jar:3.5.16]
	at org.apache.ibatis.session.defaults.DefaultSqlSession.selectOne(DefaultSqlSession.java:75) ~[mybatis-3.5.16.jar:3.5.16]
	at java.base/jdk.internal.reflect.DirectMethodHandleAccessor.invoke(DirectMethodHandleAccessor.java:103) ~[na:na]
	at java.base/java.lang.reflect.Method.invoke(Method.java:580) ~[na:na]
	at org.mybatis.spring.SqlSessionTemplate$SqlSessionInterceptor.invoke(SqlSessionTemplate.java:425) ~[mybatis-spring-3.0.3.jar:3.0.3]
	at jdk.proxy2/jdk.proxy2.$Proxy75.selectOne(Unknown Source) ~[na:na]
	at org.mybatis.spring.SqlSessionTemplate.selectOne(SqlSessionTemplate.java:160) ~[mybatis-spring-3.0.3.jar:3.0.3]
	at com.baomidou.mybatisplus.core.override.MybatisMapperMethod.execute(MybatisMapperMethod.java:87) ~[mybatis-plus-core-3.5.7.jar:3.5.7]
	at com.baomidou.mybatisplus.core.override.MybatisMapperProxy$PlainMethodInvoker.invoke(MybatisMapperProxy.java:152) ~[mybatis-plus-core-3.5.7.jar:3.5.7]
	at com.baomidou.mybatisplus.core.override.MybatisMapperProxy.invoke(MybatisMapperProxy.java:89) ~[mybatis-plus-core-3.5.7.jar:3.5.7]
	at jdk.proxy2/jdk.proxy2.$Proxy83.selectCount(Unknown Source) ~[na:na]
	at com.ccb.lighting.module.dashboard.controller.DashboardController.overview(DashboardController.java:71) ~[classes/:na]
	at java.base/jdk.internal.reflect.DirectMethodHandleAccessor.invoke(DirectMethodHandleAccessor.java:103) ~[na:na]
	at java.base/java.lang.reflect.Method.invoke(Method.java:580) ~[na:na]
	at org.springframework.web.method.support.InvocableHandlerMethod.doInvoke(InvocableHandlerMethod.java:255) ~[spring-web-6.1.6.jar:6.1.6]
	at org.springframework.web.method.support.InvocableHandlerMethod.invokeForRequest(InvocableHandlerMethod.java:188) ~[spring-web-6.1.6.jar:6.1.6]
	at org.springframework.web.servlet.mvc.method.annotation.ServletInvocableHandlerMethod.invokeAndHandle(ServletInvocableHandlerMethod.java:118) ~[spring-webmvc-6.1.6.jar:6.1.6]
	at org.springframework.web.servlet.mvc.method.annotation.RequestMappingHandlerAdapter.invokeHandlerMethod(RequestMappingHandlerAdapter.java:926) ~[spring-webmvc-6.1.6.jar:6.1.6]
	at org.springframework.web.servlet.mvc.method.annotation.RequestMappingHandlerAdapter.handleInternal(RequestMappingHandlerAdapter.java:831) ~[spring-webmvc-6.1.6.jar:6.1.6]
	at org.springframework.web.servlet.mvc.method.AbstractHandlerMethodAdapter.handle(AbstractHandlerMethodAdapter.java:87) ~[spring-webmvc-6.1.6.jar:6.1.6]
	at org.springframework.web.servlet.DispatcherServlet.doDispatch(DispatcherServlet.java:1089) ~[spring-webmvc-6.1.6.jar:6.1.6]
	at org.springframework.web.servlet.DispatcherServlet.doService(DispatcherServlet.java:979) ~[spring-webmvc-6.1.6.jar:6.1.6]
	at org.springframework.web.servlet.FrameworkServlet.processRequest(FrameworkServlet.java:1014) ~[spring-webmvc-6.1.6.jar:6.1.6]
	at org.springframework.web.servlet.FrameworkServlet.doGet(FrameworkServlet.java:903) ~[spring-webmvc-6.1.6.jar:6.1.6]
	at jakarta.servlet.http.HttpServlet.service(HttpServlet.java:564) ~[tomcat-embed-core-10.1.20.jar:6.0]
	at org.springframework.web.servlet.FrameworkServlet.service(FrameworkServlet.java:885) ~[spring-webmvc-6.1.6.jar:6.1.6]
	at jakarta.servlet.http.HttpServlet.service(HttpServlet.java:658) ~[tomcat-embed-core-10.1.20.jar:6.0]
	at org.apache.catalina.core.ApplicationFilterChain.internalDoFilter(ApplicationFilterChain.java:206) ~[tomcat-embed-core-10.1.20.jar:10.1.20]
	at org.apache.catalina.core.ApplicationFilterChain.doFilter(ApplicationFilterChain.java:150) ~[tomcat-embed-core-10.1.20.jar:10.1.20]
	at org.apache.tomcat.websocket.server.WsFilter.doFilter(WsFilter.java:51) ~[tomcat-embed-websocket-10.1.20.jar:10.1.20]
	at org.apache.catalina.core.ApplicationFilterChain.internalDoFilter(ApplicationFilterChain.java:175) ~[tomcat-embed-core-10.1.20.jar:10.1.20]
	at org.apache.catalina.core.ApplicationFilterChain.doFilter(ApplicationFilterChain.java:150) ~[tomcat-embed-core-10.1.20.jar:10.1.20]
	at org.springframework.web.filter.RequestContextFilter.doFilterInternal(RequestContextFilter.java:100) ~[spring-web-6.1.6.jar:6.1.6]
	at org.springframework.web.filter.OncePerRequestFilter.doFilter(OncePerRequestFilter.java:116) ~[spring-web-6.1.6.jar:6.1.6]
	at org.apache.catalina.core.ApplicationFilterChain.internalDoFilter(ApplicationFilterChain.java:175) ~[tomcat-embed-core-10.1.20.jar:10.1.20]
	at org.apache.catalina.core.ApplicationFilterChain.doFilter(ApplicationFilterChain.java:150) ~[tomcat-embed-core-10.1.20.jar:10.1.20]
	at org.springframework.web.filter.FormContentFilter.doFilterInternal(FormContentFilter.java:93) ~[spring-web-6.1.6.jar:6.1.6]
	at org.springframework.web.filter.OncePerRequestFilter.doFilter(OncePerRequestFilter.java:116) ~[spring-web-6.1.6.jar:6.1.6]
	at org.apache.catalina.core.ApplicationFilterChain.internalDoFilter(ApplicationFilterChain.java:175) ~[tomcat-embed-core-10.1.20.jar:10.1.20]
	at org.apache.catalina.core.ApplicationFilterChain.doFilter(ApplicationFilterChain.java:150) ~[tomcat-embed-core-10.1.20.jar:10.1.20]
	at org.springframework.web.filter.CharacterEncodingFilter.doFilterInternal(CharacterEncodingFilter.java:201) ~[spring-web-6.1.6.jar:6.1.6]
	at org.springframework.web.filter.OncePerRequestFilter.doFilter(OncePerRequestFilter.java:116) ~[spring-web-6.1.6.jar:6.1.6]
	at org.apache.catalina.core.ApplicationFilterChain.internalDoFilter(ApplicationFilterChain.java:175) ~[tomcat-embed-core-10.1.20.jar:10.1.20]
	at org.apache.catalina.core.ApplicationFilterChain.doFilter(ApplicationFilterChain.java:150) ~[tomcat-embed-core-10.1.20.jar:10.1.20]
	at org.apache.catalina.core.StandardWrapperValve.invoke(StandardWrapperValve.java:167) ~[tomcat-embed-core-10.1.20.jar:10.1.20]
	at org.apache.catalina.core.StandardContextValve.invoke(StandardContextValve.java:90) ~[tomcat-embed-core-10.1.20.jar:10.1.20]
	at org.apache.catalina.authenticator.AuthenticatorBase.invoke(AuthenticatorBase.java:482) ~[tomcat-embed-core-10.1.20.jar:10.1.20]
	at org.apache.catalina.core.StandardHostValve.invoke(StandardHostValve.java:115) ~[tomcat-embed-core-10.1.20.jar:10.1.20]
	at org.apache.catalina.valves.ErrorReportValve.invoke(ErrorReportValve.java:93) ~[tomcat-embed-core-10.1.20.jar:10.1.20]
	at org.apache.catalina.core.StandardEngineValve.invoke(StandardEngineValve.java:74) ~[tomcat-embed-core-10.1.20.jar:10.1.20]
	at org.apache.catalina.connector.CoyoteAdapter.service(CoyoteAdapter.java:344) ~[tomcat-embed-core-10.1.20.jar:10.1.20]
	at org.apache.coyote.http11.Http11Processor.service(Http11Processor.java:391) ~[tomcat-embed-core-10.1.20.jar:10.1.20]
	at org.apache.coyote.AbstractProcessorLight.process(AbstractProcessorLight.java:63) ~[tomcat-embed-core-10.1.20.jar:10.1.20]
	at org.apache.coyote.AbstractProtocol$ConnectionHandler.process(AbstractProtocol.java:896) ~[tomcat-embed-core-10.1.20.jar:10.1.20]
	at org.apache.tomcat.util.net.NioEndpoint$SocketProcessor.doRun(NioEndpoint.java:1736) ~[tomcat-embed-core-10.1.20.jar:10.1.20]
	at org.apache.tomcat.util.net.SocketProcessorBase.run(SocketProcessorBase.java:52) ~[tomcat-embed-core-10.1.20.jar:10.1.20]
	at org.apache.tomcat.util.threads.ThreadPoolExecutor.runWorker(ThreadPoolExecutor.java:1191) ~[tomcat-embed-core-10.1.20.jar:10.1.20]
	at org.apache.tomcat.util.threads.ThreadPoolExecutor$Worker.run(ThreadPoolExecutor.java:659) ~[tomcat-embed-core-10.1.20.jar:10.1.20]
	at org.apache.tomcat.util.threads.TaskThread$WrappingRunnable.run(TaskThread.java:63) ~[tomcat-embed-core-10.1.20.jar:10.1.20]
	at java.base/java.lang.Thread.run(Thread.java:1575) ~[na:na]
Caused by: com.mysql.cj.exceptions.UnableToConnectException: Public Key Retrieval is not allowed
	at java.base/jdk.internal.reflect.DirectConstructorHandleAccessor.newInstance(DirectConstructorHandleAccessor.java:62) ~[na:na]
	at java.base/java.lang.reflect.Constructor.newInstanceWithCaller(Constructor.java:501) ~[na:na]
	at java.base/java.lang.reflect.Constructor.newInstance(Constructor.java:485) ~[na:na]
	at com.mysql.cj.exceptions.ExceptionFactory.createException(ExceptionFactory.java:61) ~[mysql-connector-j-8.3.0.jar:8.3.0]
	at com.mysql.cj.exceptions.ExceptionFactory.createException(ExceptionFactory.java:85) ~[mysql-connector-j-8.3.0.jar:8.3.0]
	at com.mysql.cj.protocol.a.authentication.CachingSha2PasswordPlugin.nextAuthenticationStep(CachingSha2PasswordPlugin.java:131) ~[mysql-connector-j-8.3.0.jar:8.3.0]
	at com.mysql.cj.protocol.a.authentication.CachingSha2PasswordPlugin.nextAuthenticationStep(CachingSha2PasswordPlugin.java:49) ~[mysql-connector-j-8.3.0.jar:8.3.0]
	at com.mysql.cj.protocol.a.NativeAuthenticationProvider.proceedHandshakeWithPluggableAuthentication(NativeAuthenticationProvider.java:446) ~[mysql-connector-j-8.3.0.jar:8.3.0]
	at com.mysql.cj.protocol.a.NativeAuthenticationProvider.connect(NativeAuthenticationProvider.java:215) ~[mysql-connector-j-8.3.0.jar:8.3.0]
	at com.mysql.cj.protocol.a.NativeProtocol.connect(NativeProtocol.java:1428) ~[mysql-connector-j-8.3.0.jar:8.3.0]
	at com.mysql.cj.NativeSession.connect(NativeSession.java:133) ~[mysql-connector-j-8.3.0.jar:8.3.0]
	at com.mysql.cj.jdbc.ConnectionImpl.connectOneTryOnly(ConnectionImpl.java:935) ~[mysql-connector-j-8.3.0.jar:8.3.0]
	at com.mysql.cj.jdbc.ConnectionImpl.createNewIO(ConnectionImpl.java:805) ~[mysql-connector-j-8.3.0.jar:8.3.0]
	... 86 common frames omitted

2026-07-23T09:20:57.093+08:00 ERROR 24644 --- [http-nio-8080-exec-3] c.c.l.common.GlobalExceptionHandler      : 系统异常: 

org.mybatis.spring.MyBatisSystemException: null
	at org.mybatis.spring.MyBatisExceptionTranslator.translateExceptionIfPossible(MyBatisExceptionTranslator.java:97) ~[mybatis-spring-3.0.3.jar:3.0.3]
	at org.mybatis.spring.SqlSessionTemplate$SqlSessionInterceptor.invoke(SqlSessionTemplate.java:439) ~[mybatis-spring-3.0.3.jar:3.0.3]
	at jdk.proxy2/jdk.proxy2.$Proxy75.selectOne(Unknown Source) ~[na:na]
	at org.mybatis.spring.SqlSessionTemplate.selectOne(SqlSessionTemplate.java:160) ~[mybatis-spring-3.0.3.jar:3.0.3]
	at com.baomidou.mybatisplus.core.override.MybatisMapperMethod.execute(MybatisMapperMethod.java:87) ~[mybatis-plus-core-3.5.7.jar:3.5.7]
	at com.baomidou.mybatisplus.core.override.MybatisMapperProxy$PlainMethodInvoker.invoke(MybatisMapperProxy.java:152) ~[mybatis-plus-core-3.5.7.jar:3.5.7]
	at com.baomidou.mybatisplus.core.override.MybatisMapperProxy.invoke(MybatisMapperProxy.java:89) ~[mybatis-plus-core-3.5.7.jar:3.5.7]
	at jdk.proxy2/jdk.proxy2.$Proxy83.selectCount(Unknown Source) ~[na:na]
	at com.ccb.lighting.module.dashboard.controller.DashboardController.overview(DashboardController.java:71) ~[classes/:na]
	at java.base/jdk.internal.reflect.DirectMethodHandleAccessor.invoke(DirectMethodHandleAccessor.java:103) ~[na:na]
	at java.base/java.lang.reflect.Method.invoke(Method.java:580) ~[na:na]
	at org.springframework.web.method.support.InvocableHandlerMethod.doInvoke(InvocableHandlerMethod.java:255) ~[spring-web-6.1.6.jar:6.1.6]
	at org.springframework.web.method.support.InvocableHandlerMethod.invokeForRequest(InvocableHandlerMethod.java:188) ~[spring-web-6.1.6.jar:6.1.6]
	at org.springframework.web.servlet.mvc.method.annotation.ServletInvocableHandlerMethod.invokeAndHandle(ServletInvocableHandlerMethod.java:118) ~[spring-webmvc-6.1.6.jar:6.1.6]
	at org.springframework.web.servlet.mvc.method.annotation.RequestMappingHandlerAdapter.invokeHandlerMethod(RequestMappingHandlerAdapter.java:926) ~[spring-webmvc-6.1.6.jar:6.1.6]
	at org.springframework.web.servlet.mvc.method.annotation.RequestMappingHandlerAdapter.handleInternal(RequestMappingHandlerAdapter.java:831) ~[spring-webmvc-6.1.6.jar:6.1.6]
	at org.springframework.web.servlet.mvc.method.AbstractHandlerMethodAdapter.handle(AbstractHandlerMethodAdapter.java:87) ~[spring-webmvc-6.1.6.jar:6.1.6]
	at org.springframework.web.servlet.DispatcherServlet.doDispatch(DispatcherServlet.java:1089) ~[spring-webmvc-6.1.6.jar:6.1.6]
	at org.springframework.web.servlet.DispatcherServlet.doService(DispatcherServlet.java:979) ~[spring-webmvc-6.1.6.jar:6.1.6]
	at org.springframework.web.servlet.FrameworkServlet.processRequest(FrameworkServlet.java:1014) ~[spring-webmvc-6.1.6.jar:6.1.6]
	at org.springframework.web.servlet.FrameworkServlet.doGet(FrameworkServlet.java:903) ~[spring-webmvc-6.1.6.jar:6.1.6]
	at jakarta.servlet.http.HttpServlet.service(HttpServlet.java:564) ~[tomcat-embed-core-10.1.20.jar:6.0]
	at org.springframework.web.servlet.FrameworkServlet.service(FrameworkServlet.java:885) ~[spring-webmvc-6.1.6.jar:6.1.6]
	at jakarta.servlet.http.HttpServlet.service(HttpServlet.java:658) ~[tomcat-embed-core-10.1.20.jar:6.0]
	at org.apache.catalina.core.ApplicationFilterChain.internalDoFilter(ApplicationFilterChain.java:206) ~[tomcat-embed-core-10.1.20.jar:10.1.20]
	at org.apache.catalina.core.ApplicationFilterChain.doFilter(ApplicationFilterChain.java:150) ~[tomcat-embed-core-10.1.20.jar:10.1.20]
	at org.apache.tomcat.websocket.server.WsFilter.doFilter(WsFilter.java:51) ~[tomcat-embed-websocket-10.1.20.jar:10.1.20]
	at org.apache.catalina.core.ApplicationFilterChain.internalDoFilter(ApplicationFilterChain.java:175) ~[tomcat-embed-core-10.1.20.jar:10.1.20]
	at org.apache.catalina.core.ApplicationFilterChain.doFilter(ApplicationFilterChain.java:150) ~[tomcat-embed-core-10.1.20.jar:10.1.20]
	at org.springframework.web.filter.RequestContextFilter.doFilterInternal(RequestContextFilter.java:100) ~[spring-web-6.1.6.jar:6.1.6]
	at org.springframework.web.filter.OncePerRequestFilter.doFilter(OncePerRequestFilter.java:116) ~[spring-web-6.1.6.jar:6.1.6]
	at org.apache.catalina.core.ApplicationFilterChain.internalDoFilter(ApplicationFilterChain.java:175) ~[tomcat-embed-core-10.1.20.jar:10.1.20]
	at org.apache.catalina.core.ApplicationFilterChain.doFilter(ApplicationFilterChain.java:150) ~[tomcat-embed-core-10.1.20.jar:10.1.20]
	at org.springframework.web.filter.FormContentFilter.doFilterInternal(FormContentFilter.java:93) ~[spring-web-6.1.6.jar:6.1.6]
	at org.springframework.web.filter.OncePerRequestFilter.doFilter(OncePerRequestFilter.java:116) ~[spring-web-6.1.6.jar:6.1.6]
	at org.apache.catalina.core.ApplicationFilterChain.internalDoFilter(ApplicationFilterChain.java:175) ~[tomcat-embed-core-10.1.20.jar:10.1.20]
	at org.apache.catalina.core.ApplicationFilterChain.doFilter(ApplicationFilterChain.java:150) ~[tomcat-embed-core-10.1.20.jar:10.1.20]
	at org.springframework.web.filter.CharacterEncodingFilter.doFilterInternal(CharacterEncodingFilter.java:201) ~[spring-web-6.1.6.jar:6.1.6]
	at org.springframework.web.filter.OncePerRequestFilter.doFilter(OncePerRequestFilter.java:116) ~[spring-web-6.1.6.jar:6.1.6]
	at org.apache.catalina.core.ApplicationFilterChain.internalDoFilter(ApplicationFilterChain.java:175) ~[tomcat-embed-core-10.1.20.jar:10.1.20]
	at org.apache.catalina.core.ApplicationFilterChain.doFilter(ApplicationFilterChain.java:150) ~[tomcat-embed-core-10.1.20.jar:10.1.20]
	at org.apache.catalina.core.StandardWrapperValve.invoke(StandardWrapperValve.java:167) ~[tomcat-embed-core-10.1.20.jar:10.1.20]
	at org.apache.catalina.core.StandardContextValve.invoke(StandardContextValve.java:90) ~[tomcat-embed-core-10.1.20.jar:10.1.20]
	at org.apache.catalina.authenticator.AuthenticatorBase.invoke(AuthenticatorBase.java:482) ~[tomcat-embed-core-10.1.20.jar:10.1.20]
	at org.apache.catalina.core.StandardHostValve.invoke(StandardHostValve.java:115) ~[tomcat-embed-core-10.1.20.jar:10.1.20]
	at org.apache.catalina.valves.ErrorReportValve.invoke(ErrorReportValve.java:93) ~[tomcat-embed-core-10.1.20.jar:10.1.20]
	at org.apache.catalina.core.StandardEngineValve.invoke(StandardEngineValve.java:74) ~[tomcat-embed-core-10.1.20.jar:10.1.20]
	at org.apache.catalina.connector.CoyoteAdapter.service(CoyoteAdapter.java:344) ~[tomcat-embed-core-10.1.20.jar:10.1.20]
	at org.apache.coyote.http11.Http11Processor.service(Http11Processor.java:391) ~[tomcat-embed-core-10.1.20.jar:10.1.20]
	at org.apache.coyote.AbstractProcessorLight.process(AbstractProcessorLight.java:63) ~[tomcat-embed-core-10.1.20.jar:10.1.20]
	at org.apache.coyote.AbstractProtocol$ConnectionHandler.process(AbstractProtocol.java:896) ~[tomcat-embed-core-10.1.20.jar:10.1.20]
	at org.apache.tomcat.util.net.NioEndpoint$SocketProcessor.doRun(NioEndpoint.java:1736) ~[tomcat-embed-core-10.1.20.jar:10.1.20]
	at org.apache.tomcat.util.net.SocketProcessorBase.run(SocketProcessorBase.java:52) ~[tomcat-embed-core-10.1.20.jar:10.1.20]
	at org.apache.tomcat.util.threads.ThreadPoolExecutor.runWorker(ThreadPoolExecutor.java:1191) ~[tomcat-embed-core-10.1.20.jar:10.1.20]
	at org.apache.tomcat.util.threads.ThreadPoolExecutor$Worker.run(ThreadPoolExecutor.java:659) ~[tomcat-embed-core-10.1.20.jar:10.1.20]
	at org.apache.tomcat.util.threads.TaskThread$WrappingRunnable.run(TaskThread.java:63) ~[tomcat-embed-core-10.1.20.jar:10.1.20]
	at java.base/java.lang.Thread.run(Thread.java:1575) ~[na:na]
Caused by: org.apache.ibatis.exceptions.PersistenceException: 
### Error querying database.  Cause: org.springframework.jdbc.CannotGetJdbcConnectionException: Failed to obtain JDBC Connection
### The error may exist in com/ccb/lighting/module/device/mapper/DevDeviceMapper.java (best guess)
### The error may involve com.ccb.lighting.module.device.mapper.DevDeviceMapper.selectCount
### The error occurred while executing a query
### Cause: org.springframework.jdbc.CannotGetJdbcConnectionException: Failed to obtain JDBC Connection
	at org.apache.ibatis.exceptions.ExceptionFactory.wrapException(ExceptionFactory.java:30) ~[mybatis-3.5.16.jar:3.5.16]
	at org.apache.ibatis.session.defaults.DefaultSqlSession.selectList(DefaultSqlSession.java:156) ~[mybatis-3.5.16.jar:3.5.16]
	at org.apache.ibatis.session.defaults.DefaultSqlSession.selectList(DefaultSqlSession.java:147) ~[mybatis-3.5.16.jar:3.5.16]
	at org.apache.ibatis.session.defaults.DefaultSqlSession.selectList(DefaultSqlSession.java:142) ~[mybatis-3.5.16.jar:3.5.16]
	at org.apache.ibatis.session.defaults.DefaultSqlSession.selectOne(DefaultSqlSession.java:75) ~[mybatis-3.5.16.jar:3.5.16]
	at java.base/jdk.internal.reflect.DirectMethodHandleAccessor.invoke(DirectMethodHandleAccessor.java:103) ~[na:na]
	at java.base/java.lang.reflect.Method.invoke(Method.java:580) ~[na:na]
	at org.mybatis.spring.SqlSessionTemplate$SqlSessionInterceptor.invoke(SqlSessionTemplate.java:425) ~[mybatis-spring-3.0.3.jar:3.0.3]
	... 55 common frames omitted
Caused by: org.springframework.jdbc.CannotGetJdbcConnectionException: Failed to obtain JDBC Connection
	at org.springframework.jdbc.datasource.DataSourceUtils.getConnection(DataSourceUtils.java:84) ~[spring-jdbc-6.1.6.jar:6.1.6]
	at org.mybatis.spring.transaction.SpringManagedTransaction.openConnection(SpringManagedTransaction.java:80) ~[mybatis-spring-3.0.3.jar:3.0.3]
	at org.mybatis.spring.transaction.SpringManagedTransaction.getConnection(SpringManagedTransaction.java:67) ~[mybatis-spring-3.0.3.jar:3.0.3]
	at org.apache.ibatis.executor.BaseExecutor.getConnection(BaseExecutor.java:348) ~[mybatis-3.5.16.jar:3.5.16]
	at org.apache.ibatis.executor.SimpleExecutor.prepareStatement(SimpleExecutor.java:89) ~[mybatis-3.5.16.jar:3.5.16]
	at org.apache.ibatis.executor.SimpleExecutor.doQuery(SimpleExecutor.java:64) ~[mybatis-3.5.16.jar:3.5.16]
	at org.apache.ibatis.executor.BaseExecutor.queryFromDatabase(BaseExecutor.java:336) ~[mybatis-3.5.16.jar:3.5.16]
	at org.apache.ibatis.executor.BaseExecutor.query(BaseExecutor.java:158) ~[mybatis-3.5.16.jar:3.5.16]
	at org.apache.ibatis.executor.CachingExecutor.query(CachingExecutor.java:110) ~[mybatis-3.5.16.jar:3.5.16]
	at com.baomidou.mybatisplus.extension.plugins.MybatisPlusInterceptor.intercept(MybatisPlusInterceptor.java:81) ~[mybatis-plus-extension-3.5.7.jar:3.5.7]
	at org.apache.ibatis.plugin.Plugin.invoke(Plugin.java:59) ~[mybatis-3.5.16.jar:3.5.16]
	at jdk.proxy2/jdk.proxy2.$Proxy114.query(Unknown Source) ~[na:na]
	at org.apache.ibatis.session.defaults.DefaultSqlSession.selectList(DefaultSqlSession.java:154) ~[mybatis-3.5.16.jar:3.5.16]
	... 61 common frames omitted
Caused by: java.sql.SQLNonTransientConnectionException: Public Key Retrieval is not allowed
	at com.mysql.cj.jdbc.exceptions.SQLError.createSQLException(SQLError.java:111) ~[mysql-connector-j-8.3.0.jar:8.3.0]
	at com.mysql.cj.jdbc.exceptions.SQLExceptionsMapping.translateException(SQLExceptionsMapping.java:122) ~[mysql-connector-j-8.3.0.jar:8.3.0]
	at com.mysql.cj.jdbc.ConnectionImpl.createNewIO(ConnectionImpl.java:815) ~[mysql-connector-j-8.3.0.jar:8.3.0]
	at com.mysql.cj.jdbc.ConnectionImpl.<init>(ConnectionImpl.java:438) ~[mysql-connector-j-8.3.0.jar:8.3.0]
	at com.mysql.cj.jdbc.ConnectionImpl.getInstance(ConnectionImpl.java:241) ~[mysql-connector-j-8.3.0.jar:8.3.0]
	at com.mysql.cj.jdbc.NonRegisteringDriver.connect(NonRegisteringDriver.java:189) ~[mysql-connector-j-8.3.0.jar:8.3.0]
	at com.zaxxer.hikari.util.DriverDataSource.getConnection(DriverDataSource.java:138) ~[HikariCP-5.0.1.jar:na]
	at com.zaxxer.hikari.pool.PoolBase.newConnection(PoolBase.java:359) ~[HikariCP-5.0.1.jar:na]
	at com.zaxxer.hikari.pool.PoolBase.newPoolEntry(PoolBase.java:201) ~[HikariCP-5.0.1.jar:na]
	at com.zaxxer.hikari.pool.HikariPool.createPoolEntry(HikariPool.java:470) ~[HikariCP-5.0.1.jar:na]
	at com.zaxxer.hikari.pool.HikariPool.checkFailFast(HikariPool.java:561) ~[HikariCP-5.0.1.jar:na]
	at com.zaxxer.hikari.pool.HikariPool.<init>(HikariPool.java:100) ~[HikariCP-5.0.1.jar:na]
	at com.zaxxer.hikari.HikariDataSource.getConnection(HikariDataSource.java:112) ~[HikariCP-5.0.1.jar:na]
	at org.springframework.jdbc.datasource.DataSourceUtils.fetchConnection(DataSourceUtils.java:160) ~[spring-jdbc-6.1.6.jar:6.1.6]
	at org.springframework.jdbc.datasource.DataSourceUtils.doGetConnection(DataSourceUtils.java:118) ~[spring-jdbc-6.1.6.jar:6.1.6]
	at org.springframework.jdbc.datasource.DataSourceUtils.getConnection(DataSourceUtils.java:81) ~[spring-jdbc-6.1.6.jar:6.1.6]
	... 73 common frames omitted
Caused by: com.mysql.cj.exceptions.UnableToConnectException: Public Key Retrieval is not allowed
	at java.base/jdk.internal.reflect.DirectConstructorHandleAccessor.newInstance(DirectConstructorHandleAccessor.java:62) ~[na:na]
	at java.base/java.lang.reflect.Constructor.newInstanceWithCaller(Constructor.java:501) ~[na:na]
	at java.base/java.lang.reflect.Constructor.newInstance(Constructor.java:485) ~[na:na]
	at com.mysql.cj.exceptions.ExceptionFactory.createException(ExceptionFactory.java:61) ~[mysql-connector-j-8.3.0.jar:8.3.0]
	at com.mysql.cj.exceptions.ExceptionFactory.createException(ExceptionFactory.java:85) ~[mysql-connector-j-8.3.0.jar:8.3.0]
	at com.mysql.cj.protocol.a.authentication.CachingSha2PasswordPlugin.nextAuthenticationStep(CachingSha2PasswordPlugin.java:131) ~[mysql-connector-j-8.3.0.jar:8.3.0]
	at com.mysql.cj.protocol.a.authentication.CachingSha2PasswordPlugin.nextAuthenticationStep(CachingSha2PasswordPlugin.java:49) ~[mysql-connector-j-8.3.0.jar:8.3.0]
	at com.mysql.cj.protocol.a.NativeAuthenticationProvider.proceedHandshakeWithPluggableAuthentication(NativeAuthenticationProvider.java:446) ~[mysql-connector-j-8.3.0.jar:8.3.0]
	at com.mysql.cj.protocol.a.NativeAuthenticationProvider.connect(NativeAuthenticationProvider.java:215) ~[mysql-connector-j-8.3.0.jar:8.3.0]
	at com.mysql.cj.protocol.a.NativeProtocol.connect(NativeProtocol.java:1428) ~[mysql-connector-j-8.3.0.jar:8.3.0]
	at com.mysql.cj.NativeSession.connect(NativeSession.java:133) ~[mysql-connector-j-8.3.0.jar:8.3.0]
	at com.mysql.cj.jdbc.ConnectionImpl.connectOneTryOnly(ConnectionImpl.java:935) ~[mysql-connector-j-8.3.0.jar:8.3.0]
	at com.mysql.cj.jdbc.ConnectionImpl.createNewIO(ConnectionImpl.java:805) ~[mysql-connector-j-8.3.0.jar:8.3.0]
	... 86 common frames omitted

2026-07-23T09:20:57.567+08:00  INFO 24644 --- [http-nio-8080-exec-2] com.zaxxer.hikari.HikariDataSource       : HikariPool-1 - Starting...
2026-07-23T09:20:58.584+08:00 ERROR 24644 --- [http-nio-8080-exec-2] com.zaxxer.hikari.pool.HikariPool        : HikariPool-1 - Exception during pool initialization.

java.sql.SQLNonTransientConnectionException: Public Key Retrieval is not allowed
	at com.mysql.cj.jdbc.exceptions.SQLError.createSQLException(SQLError.java:111) ~[mysql-connector-j-8.3.0.jar:8.3.0]
	at com.mysql.cj.jdbc.exceptions.SQLExceptionsMapping.translateException(SQLExceptionsMapping.java:122) ~[mysql-connector-j-8.3.0.jar:8.3.0]
	at com.mysql.cj.jdbc.ConnectionImpl.createNewIO(ConnectionImpl.java:815) ~[mysql-connector-j-8.3.0.jar:8.3.0]
	at com.mysql.cj.jdbc.ConnectionImpl.<init>(ConnectionImpl.java:438) ~[mysql-connector-j-8.3.0.jar:8.3.0]
	at com.mysql.cj.jdbc.ConnectionImpl.getInstance(ConnectionImpl.java:241) ~[mysql-connector-j-8.3.0.jar:8.3.0]
	at com.mysql.cj.jdbc.NonRegisteringDriver.connect(NonRegisteringDriver.java:189) ~[mysql-connector-j-8.3.0.jar:8.3.0]
	at com.zaxxer.hikari.util.DriverDataSource.getConnection(DriverDataSource.java:138) ~[HikariCP-5.0.1.jar:na]
	at com.zaxxer.hikari.pool.PoolBase.newConnection(PoolBase.java:359) ~[HikariCP-5.0.1.jar:na]
	at com.zaxxer.hikari.pool.PoolBase.newPoolEntry(PoolBase.java:201) ~[HikariCP-5.0.1.jar:na]
	at com.zaxxer.hikari.pool.HikariPool.createPoolEntry(HikariPool.java:470) ~[HikariCP-5.0.1.jar:na]
	at com.zaxxer.hikari.pool.HikariPool.checkFailFast(HikariPool.java:561) ~[HikariCP-5.0.1.jar:na]
	at com.zaxxer.hikari.pool.HikariPool.<init>(HikariPool.java:100) ~[HikariCP-5.0.1.jar:na]
	at com.zaxxer.hikari.HikariDataSource.getConnection(HikariDataSource.java:112) ~[HikariCP-5.0.1.jar:na]
	at org.springframework.jdbc.datasource.DataSourceUtils.fetchConnection(DataSourceUtils.java:160) ~[spring-jdbc-6.1.6.jar:6.1.6]
	at org.springframework.jdbc.datasource.DataSourceUtils.doGetConnection(DataSourceUtils.java:118) ~[spring-jdbc-6.1.6.jar:6.1.6]
	at org.springframework.jdbc.datasource.DataSourceUtils.getConnection(DataSourceUtils.java:81) ~[spring-jdbc-6.1.6.jar:6.1.6]
	at org.mybatis.spring.transaction.SpringManagedTransaction.openConnection(SpringManagedTransaction.java:80) ~[mybatis-spring-3.0.3.jar:3.0.3]
	at org.mybatis.spring.transaction.SpringManagedTransaction.getConnection(SpringManagedTransaction.java:67) ~[mybatis-spring-3.0.3.jar:3.0.3]
	at org.apache.ibatis.executor.BaseExecutor.getConnection(BaseExecutor.java:348) ~[mybatis-3.5.16.jar:3.5.16]
	at org.apache.ibatis.executor.SimpleExecutor.prepareStatement(SimpleExecutor.java:89) ~[mybatis-3.5.16.jar:3.5.16]
	at org.apache.ibatis.executor.SimpleExecutor.doQuery(SimpleExecutor.java:64) ~[mybatis-3.5.16.jar:3.5.16]
	at org.apache.ibatis.executor.BaseExecutor.queryFromDatabase(BaseExecutor.java:336) ~[mybatis-3.5.16.jar:3.5.16]
	at org.apache.ibatis.executor.BaseExecutor.query(BaseExecutor.java:158) ~[mybatis-3.5.16.jar:3.5.16]
	at org.apache.ibatis.executor.CachingExecutor.query(CachingExecutor.java:110) ~[mybatis-3.5.16.jar:3.5.16]
	at com.baomidou.mybatisplus.extension.plugins.MybatisPlusInterceptor.intercept(MybatisPlusInterceptor.java:81) ~[mybatis-plus-extension-3.5.7.jar:3.5.7]
	at org.apache.ibatis.plugin.Plugin.invoke(Plugin.java:59) ~[mybatis-3.5.16.jar:3.5.16]
	at jdk.proxy2/jdk.proxy2.$Proxy114.query(Unknown Source) ~[na:na]
	at org.apache.ibatis.session.defaults.DefaultSqlSession.selectList(DefaultSqlSession.java:154) ~[mybatis-3.5.16.jar:3.5.16]
	at org.apache.ibatis.session.defaults.DefaultSqlSession.selectList(DefaultSqlSession.java:147) ~[mybatis-3.5.16.jar:3.5.16]
	at org.apache.ibatis.session.defaults.DefaultSqlSession.selectList(DefaultSqlSession.java:142) ~[mybatis-3.5.16.jar:3.5.16]
	at java.base/jdk.internal.reflect.DirectMethodHandleAccessor.invoke(DirectMethodHandleAccessor.java:103) ~[na:na]
	at java.base/java.lang.reflect.Method.invoke(Method.java:580) ~[na:na]
	at org.mybatis.spring.SqlSessionTemplate$SqlSessionInterceptor.invoke(SqlSessionTemplate.java:425) ~[mybatis-spring-3.0.3.jar:3.0.3]
	at jdk.proxy2/jdk.proxy2.$Proxy75.selectList(Unknown Source) ~[na:na]
	at org.mybatis.spring.SqlSessionTemplate.selectList(SqlSessionTemplate.java:224) ~[mybatis-spring-3.0.3.jar:3.0.3]
	at com.baomidou.mybatisplus.core.override.MybatisMapperMethod.executeForMany(MybatisMapperMethod.java:164) ~[mybatis-plus-core-3.5.7.jar:3.5.7]
	at com.baomidou.mybatisplus.core.override.MybatisMapperMethod.execute(MybatisMapperMethod.java:77) ~[mybatis-plus-core-3.5.7.jar:3.5.7]
	at com.baomidou.mybatisplus.core.override.MybatisMapperProxy$PlainMethodInvoker.invoke(MybatisMapperProxy.java:152) ~[mybatis-plus-core-3.5.7.jar:3.5.7]
	at com.baomidou.mybatisplus.core.override.MybatisMapperProxy.invoke(MybatisMapperProxy.java:89) ~[mybatis-plus-core-3.5.7.jar:3.5.7]
	at jdk.proxy2/jdk.proxy2.$Proxy87.selectList(Unknown Source) ~[na:na]
	at com.ccb.lighting.module.device.service.impl.DevPoleServiceImpl.list(DevPoleServiceImpl.java:138) ~[classes/:na]
	at com.ccb.lighting.module.device.controller.DevPoleController.list(DevPoleController.java:75) ~[classes/:na]
	at java.base/jdk.internal.reflect.DirectMethodHandleAccessor.invoke(DirectMethodHandleAccessor.java:103) ~[na:na]
	at java.base/java.lang.reflect.Method.invoke(Method.java:580) ~[na:na]
	at org.springframework.web.method.support.InvocableHandlerMethod.doInvoke(InvocableHandlerMethod.java:255) ~[spring-web-6.1.6.jar:6.1.6]
	at org.springframework.web.method.support.InvocableHandlerMethod.invokeForRequest(InvocableHandlerMethod.java:188) ~[spring-web-6.1.6.jar:6.1.6]
	at org.springframework.web.servlet.mvc.method.annotation.ServletInvocableHandlerMethod.invokeAndHandle(ServletInvocableHandlerMethod.java:118) ~[spring-webmvc-6.1.6.jar:6.1.6]
	at org.springframework.web.servlet.mvc.method.annotation.RequestMappingHandlerAdapter.invokeHandlerMethod(RequestMappingHandlerAdapter.java:926) ~[spring-webmvc-6.1.6.jar:6.1.6]
	at org.springframework.web.servlet.mvc.method.annotation.RequestMappingHandlerAdapter.handleInternal(RequestMappingHandlerAdapter.java:831) ~[spring-webmvc-6.1.6.jar:6.1.6]
	at org.springframework.web.servlet.mvc.method.AbstractHandlerMethodAdapter.handle(AbstractHandlerMethodAdapter.java:87) ~[spring-webmvc-6.1.6.jar:6.1.6]
	at org.springframework.web.servlet.DispatcherServlet.doDispatch(DispatcherServlet.java:1089) ~[spring-webmvc-6.1.6.jar:6.1.6]
	at org.springframework.web.servlet.DispatcherServlet.doService(DispatcherServlet.java:979) ~[spring-webmvc-6.1.6.jar:6.1.6]
	at org.springframework.web.servlet.FrameworkServlet.processRequest(FrameworkServlet.java:1014) ~[spring-webmvc-6.1.6.jar:6.1.6]
	at org.springframework.web.servlet.FrameworkServlet.doGet(FrameworkServlet.java:903) ~[spring-webmvc-6.1.6.jar:6.1.6]
	at jakarta.servlet.http.HttpServlet.service(HttpServlet.java:564) ~[tomcat-embed-core-10.1.20.jar:6.0]
	at org.springframework.web.servlet.FrameworkServlet.service(FrameworkServlet.java:885) ~[spring-webmvc-6.1.6.jar:6.1.6]
	at jakarta.servlet.http.HttpServlet.service(HttpServlet.java:658) ~[tomcat-embed-core-10.1.20.jar:6.0]
	at org.apache.catalina.core.ApplicationFilterChain.internalDoFilter(ApplicationFilterChain.java:206) ~[tomcat-embed-core-10.1.20.jar:10.1.20]
	at org.apache.catalina.core.ApplicationFilterChain.doFilter(ApplicationFilterChain.java:150) ~[tomcat-embed-core-10.1.20.jar:10.1.20]
	at org.apache.tomcat.websocket.server.WsFilter.doFilter(WsFilter.java:51) ~[tomcat-embed-websocket-10.1.20.jar:10.1.20]
	at org.apache.catalina.core.ApplicationFilterChain.internalDoFilter(ApplicationFilterChain.java:175) ~[tomcat-embed-core-10.1.20.jar:10.1.20]
	at org.apache.catalina.core.ApplicationFilterChain.doFilter(ApplicationFilterChain.java:150) ~[tomcat-embed-core-10.1.20.jar:10.1.20]
	at org.springframework.web.filter.RequestContextFilter.doFilterInternal(RequestContextFilter.java:100) ~[spring-web-6.1.6.jar:6.1.6]
	at org.springframework.web.filter.OncePerRequestFilter.doFilter(OncePerRequestFilter.java:116) ~[spring-web-6.1.6.jar:6.1.6]
	at org.apache.catalina.core.ApplicationFilterChain.internalDoFilter(ApplicationFilterChain.java:175) ~[tomcat-embed-core-10.1.20.jar:10.1.20]
	at org.apache.catalina.core.ApplicationFilterChain.doFilter(ApplicationFilterChain.java:150) ~[tomcat-embed-core-10.1.20.jar:10.1.20]
	at org.springframework.web.filter.FormContentFilter.doFilterInternal(FormContentFilter.java:93) ~[spring-web-6.1.6.jar:6.1.6]
	at org.springframework.web.filter.OncePerRequestFilter.doFilter(OncePerRequestFilter.java:116) ~[spring-web-6.1.6.jar:6.1.6]
	at org.apache.catalina.core.ApplicationFilterChain.internalDoFilter(ApplicationFilterChain.java:175) ~[tomcat-embed-core-10.1.20.jar:10.1.20]
	at org.apache.catalina.core.ApplicationFilterChain.doFilter(ApplicationFilterChain.java:150) ~[tomcat-embed-core-10.1.20.jar:10.1.20]
	at org.springframework.web.filter.CharacterEncodingFilter.doFilterInternal(CharacterEncodingFilter.java:201) ~[spring-web-6.1.6.jar:6.1.6]
	at org.springframework.web.filter.OncePerRequestFilter.doFilter(OncePerRequestFilter.java:116) ~[spring-web-6.1.6.jar:6.1.6]
	at org.apache.catalina.core.ApplicationFilterChain.internalDoFilter(ApplicationFilterChain.java:175) ~[tomcat-embed-core-10.1.20.jar:10.1.20]
	at org.apache.catalina.core.ApplicationFilterChain.doFilter(ApplicationFilterChain.java:150) ~[tomcat-embed-core-10.1.20.jar:10.1.20]
	at org.apache.catalina.core.StandardWrapperValve.invoke(StandardWrapperValve.java:167) ~[tomcat-embed-core-10.1.20.jar:10.1.20]
	at org.apache.catalina.core.StandardContextValve.invoke(StandardContextValve.java:90) ~[tomcat-embed-core-10.1.20.jar:10.1.20]
	at org.apache.catalina.authenticator.AuthenticatorBase.invoke(AuthenticatorBase.java:482) ~[tomcat-embed-core-10.1.20.jar:10.1.20]
	at org.apache.catalina.core.StandardHostValve.invoke(StandardHostValve.java:115) ~[tomcat-embed-core-10.1.20.jar:10.1.20]
	at org.apache.catalina.valves.ErrorReportValve.invoke(ErrorReportValve.java:93) ~[tomcat-embed-core-10.1.20.jar:10.1.20]
	at org.apache.catalina.core.StandardEngineValve.invoke(StandardEngineValve.java:74) ~[tomcat-embed-core-10.1.20.jar:10.1.20]
	at org.apache.catalina.connector.CoyoteAdapter.service(CoyoteAdapter.java:344) ~[tomcat-embed-core-10.1.20.jar:10.1.20]
	at org.apache.coyote.http11.Http11Processor.service(Http11Processor.java:391) ~[tomcat-embed-core-10.1.20.jar:10.1.20]
	at org.apache.coyote.AbstractProcessorLight.process(AbstractProcessorLight.java:63) ~[tomcat-embed-core-10.1.20.jar:10.1.20]
	at org.apache.coyote.AbstractProtocol$ConnectionHandler.process(AbstractProtocol.java:896) ~[tomcat-embed-core-10.1.20.jar:10.1.20]
	at org.apache.tomcat.util.net.NioEndpoint$SocketProcessor.doRun(NioEndpoint.java:1736) ~[tomcat-embed-core-10.1.20.jar:10.1.20]
	at org.apache.tomcat.util.net.SocketProcessorBase.run(SocketProcessorBase.java:52) ~[tomcat-embed-core-10.1.20.jar:10.1.20]
	at org.apache.tomcat.util.threads.ThreadPoolExecutor.runWorker(ThreadPoolExecutor.java:1191) ~[tomcat-embed-core-10.1.20.jar:10.1.20]
	at org.apache.tomcat.util.threads.ThreadPoolExecutor$Worker.run(ThreadPoolExecutor.java:659) ~[tomcat-embed-core-10.1.20.jar:10.1.20]
	at org.apache.tomcat.util.threads.TaskThread$WrappingRunnable.run(TaskThread.java:63) ~[tomcat-embed-core-10.1.20.jar:10.1.20]
	at java.base/java.lang.Thread.run(Thread.java:1575) ~[na:na]
Caused by: com.mysql.cj.exceptions.UnableToConnectException: Public Key Retrieval is not allowed
	at java.base/jdk.internal.reflect.DirectConstructorHandleAccessor.newInstance(DirectConstructorHandleAccessor.java:62) ~[na:na]
	at java.base/java.lang.reflect.Constructor.newInstanceWithCaller(Constructor.java:501) ~[na:na]
	at java.base/java.lang.reflect.Constructor.newInstance(Constructor.java:485) ~[na:na]
	at com.mysql.cj.exceptions.ExceptionFactory.createException(ExceptionFactory.java:61) ~[mysql-connector-j-8.3.0.jar:8.3.0]
	at com.mysql.cj.exceptions.ExceptionFactory.createException(ExceptionFactory.java:85) ~[mysql-connector-j-8.3.0.jar:8.3.0]
	at com.mysql.cj.protocol.a.authentication.CachingSha2PasswordPlugin.nextAuthenticationStep(CachingSha2PasswordPlugin.java:131) ~[mysql-connector-j-8.3.0.jar:8.3.0]
	at com.mysql.cj.protocol.a.authentication.CachingSha2PasswordPlugin.nextAuthenticationStep(CachingSha2PasswordPlugin.java:49) ~[mysql-connector-j-8.3.0.jar:8.3.0]
	at com.mysql.cj.protocol.a.NativeAuthenticationProvider.proceedHandshakeWithPluggableAuthentication(NativeAuthenticationProvider.java:446) ~[mysql-connector-j-8.3.0.jar:8.3.0]
	at com.mysql.cj.protocol.a.NativeAuthenticationProvider.connect(NativeAuthenticationProvider.java:215) ~[mysql-connector-j-8.3.0.jar:8.3.0]
	at com.mysql.cj.protocol.a.NativeProtocol.connect(NativeProtocol.java:1428) ~[mysql-connector-j-8.3.0.jar:8.3.0]
	at com.mysql.cj.NativeSession.connect(NativeSession.java:133) ~[mysql-connector-j-8.3.0.jar:8.3.0]
	at com.mysql.cj.jdbc.ConnectionImpl.connectOneTryOnly(ConnectionImpl.java:935) ~[mysql-connector-j-8.3.0.jar:8.3.0]
	at com.mysql.cj.jdbc.ConnectionImpl.createNewIO(ConnectionImpl.java:805) ~[mysql-connector-j-8.3.0.jar:8.3.0]
	... 87 common frames omitted

2026-07-23T09:20:58.586+08:00  INFO 24644 --- [http-nio-8080-exec-4] com.zaxxer.hikari.HikariDataSource       : HikariPool-1 - Starting...
2026-07-23T09:20:58.587+08:00 ERROR 24644 --- [http-nio-8080-exec-2] c.c.l.common.GlobalExceptionHandler      : 系统异常: 

org.mybatis.spring.MyBatisSystemException: null
	at org.mybatis.spring.MyBatisExceptionTranslator.translateExceptionIfPossible(MyBatisExceptionTranslator.java:97) ~[mybatis-spring-3.0.3.jar:3.0.3]
	at org.mybatis.spring.SqlSessionTemplate$SqlSessionInterceptor.invoke(SqlSessionTemplate.java:439) ~[mybatis-spring-3.0.3.jar:3.0.3]
	at jdk.proxy2/jdk.proxy2.$Proxy75.selectList(Unknown Source) ~[na:na]
	at org.mybatis.spring.SqlSessionTemplate.selectList(SqlSessionTemplate.java:224) ~[mybatis-spring-3.0.3.jar:3.0.3]
	at com.baomidou.mybatisplus.core.override.MybatisMapperMethod.executeForMany(MybatisMapperMethod.java:164) ~[mybatis-plus-core-3.5.7.jar:3.5.7]
	at com.baomidou.mybatisplus.core.override.MybatisMapperMethod.execute(MybatisMapperMethod.java:77) ~[mybatis-plus-core-3.5.7.jar:3.5.7]
	at com.baomidou.mybatisplus.core.override.MybatisMapperProxy$PlainMethodInvoker.invoke(MybatisMapperProxy.java:152) ~[mybatis-plus-core-3.5.7.jar:3.5.7]
	at com.baomidou.mybatisplus.core.override.MybatisMapperProxy.invoke(MybatisMapperProxy.java:89) ~[mybatis-plus-core-3.5.7.jar:3.5.7]
	at jdk.proxy2/jdk.proxy2.$Proxy87.selectList(Unknown Source) ~[na:na]
	at com.ccb.lighting.module.device.service.impl.DevPoleServiceImpl.list(DevPoleServiceImpl.java:138) ~[classes/:na]
	at com.ccb.lighting.module.device.controller.DevPoleController.list(DevPoleController.java:75) ~[classes/:na]
	at java.base/jdk.internal.reflect.DirectMethodHandleAccessor.invoke(DirectMethodHandleAccessor.java:103) ~[na:na]
	at java.base/java.lang.reflect.Method.invoke(Method.java:580) ~[na:na]
	at org.springframework.web.method.support.InvocableHandlerMethod.doInvoke(InvocableHandlerMethod.java:255) ~[spring-web-6.1.6.jar:6.1.6]
	at org.springframework.web.method.support.InvocableHandlerMethod.invokeForRequest(InvocableHandlerMethod.java:188) ~[spring-web-6.1.6.jar:6.1.6]
	at org.springframework.web.servlet.mvc.method.annotation.ServletInvocableHandlerMethod.invokeAndHandle(ServletInvocableHandlerMethod.java:118) ~[spring-webmvc-6.1.6.jar:6.1.6]
	at org.springframework.web.servlet.mvc.method.annotation.RequestMappingHandlerAdapter.invokeHandlerMethod(RequestMappingHandlerAdapter.java:926) ~[spring-webmvc-6.1.6.jar:6.1.6]
	at org.springframework.web.servlet.mvc.method.annotation.RequestMappingHandlerAdapter.handleInternal(RequestMappingHandlerAdapter.java:831) ~[spring-webmvc-6.1.6.jar:6.1.6]
	at org.springframework.web.servlet.mvc.method.AbstractHandlerMethodAdapter.handle(AbstractHandlerMethodAdapter.java:87) ~[spring-webmvc-6.1.6.jar:6.1.6]
	at org.springframework.web.servlet.DispatcherServlet.doDispatch(DispatcherServlet.java:1089) ~[spring-webmvc-6.1.6.jar:6.1.6]
	at org.springframework.web.servlet.DispatcherServlet.doService(DispatcherServlet.java:979) ~[spring-webmvc-6.1.6.jar:6.1.6]
	at org.springframework.web.servlet.FrameworkServlet.processRequest(FrameworkServlet.java:1014) ~[spring-webmvc-6.1.6.jar:6.1.6]
	at org.springframework.web.servlet.FrameworkServlet.doGet(FrameworkServlet.java:903) ~[spring-webmvc-6.1.6.jar:6.1.6]
	at jakarta.servlet.http.HttpServlet.service(HttpServlet.java:564) ~[tomcat-embed-core-10.1.20.jar:6.0]
	at org.springframework.web.servlet.FrameworkServlet.service(FrameworkServlet.java:885) ~[spring-webmvc-6.1.6.jar:6.1.6]
	at jakarta.servlet.http.HttpServlet.service(HttpServlet.java:658) ~[tomcat-embed-core-10.1.20.jar:6.0]
	at org.apache.catalina.core.ApplicationFilterChain.internalDoFilter(ApplicationFilterChain.java:206) ~[tomcat-embed-core-10.1.20.jar:10.1.20]
	at org.apache.catalina.core.ApplicationFilterChain.doFilter(ApplicationFilterChain.java:150) ~[tomcat-embed-core-10.1.20.jar:10.1.20]
	at org.apache.tomcat.websocket.server.WsFilter.doFilter(WsFilter.java:51) ~[tomcat-embed-websocket-10.1.20.jar:10.1.20]
	at org.apache.catalina.core.ApplicationFilterChain.internalDoFilter(ApplicationFilterChain.java:175) ~[tomcat-embed-core-10.1.20.jar:10.1.20]
	at org.apache.catalina.core.ApplicationFilterChain.doFilter(ApplicationFilterChain.java:150) ~[tomcat-embed-core-10.1.20.jar:10.1.20]
	at org.springframework.web.filter.RequestContextFilter.doFilterInternal(RequestContextFilter.java:100) ~[spring-web-6.1.6.jar:6.1.6]
	at org.springframework.web.filter.OncePerRequestFilter.doFilter(OncePerRequestFilter.java:116) ~[spring-web-6.1.6.jar:6.1.6]
	at org.apache.catalina.core.ApplicationFilterChain.internalDoFilter(ApplicationFilterChain.java:175) ~[tomcat-embed-core-10.1.20.jar:10.1.20]
	at org.apache.catalina.core.ApplicationFilterChain.doFilter(ApplicationFilterChain.java:150) ~[tomcat-embed-core-10.1.20.jar:10.1.20]
	at org.springframework.web.filter.FormContentFilter.doFilterInternal(FormContentFilter.java:93) ~[spring-web-6.1.6.jar:6.1.6]
	at org.springframework.web.filter.OncePerRequestFilter.doFilter(OncePerRequestFilter.java:116) ~[spring-web-6.1.6.jar:6.1.6]
	at org.apache.catalina.core.ApplicationFilterChain.internalDoFilter(ApplicationFilterChain.java:175) ~[tomcat-embed-core-10.1.20.jar:10.1.20]
	at org.apache.catalina.core.ApplicationFilterChain.doFilter(ApplicationFilterChain.java:150) ~[tomcat-embed-core-10.1.20.jar:10.1.20]
	at org.springframework.web.filter.CharacterEncodingFilter.doFilterInternal(CharacterEncodingFilter.java:201) ~[spring-web-6.1.6.jar:6.1.6]
	at org.springframework.web.filter.OncePerRequestFilter.doFilter(OncePerRequestFilter.java:116) ~[spring-web-6.1.6.jar:6.1.6]
	at org.apache.catalina.core.ApplicationFilterChain.internalDoFilter(ApplicationFilterChain.java:175) ~[tomcat-embed-core-10.1.20.jar:10.1.20]
	at org.apache.catalina.core.ApplicationFilterChain.doFilter(ApplicationFilterChain.java:150) ~[tomcat-embed-core-10.1.20.jar:10.1.20]
	at org.apache.catalina.core.StandardWrapperValve.invoke(StandardWrapperValve.java:167) ~[tomcat-embed-core-10.1.20.jar:10.1.20]
	at org.apache.catalina.core.StandardContextValve.invoke(StandardContextValve.java:90) ~[tomcat-embed-core-10.1.20.jar:10.1.20]
	at org.apache.catalina.authenticator.AuthenticatorBase.invoke(AuthenticatorBase.java:482) ~[tomcat-embed-core-10.1.20.jar:10.1.20]
	at org.apache.catalina.core.StandardHostValve.invoke(StandardHostValve.java:115) ~[tomcat-embed-core-10.1.20.jar:10.1.20]
	at org.apache.catalina.valves.ErrorReportValve.invoke(ErrorReportValve.java:93) ~[tomcat-embed-core-10.1.20.jar:10.1.20]
	at org.apache.catalina.core.StandardEngineValve.invoke(StandardEngineValve.java:74) ~[tomcat-embed-core-10.1.20.jar:10.1.20]
	at org.apache.catalina.connector.CoyoteAdapter.service(CoyoteAdapter.java:344) ~[tomcat-embed-core-10.1.20.jar:10.1.20]
	at org.apache.coyote.http11.Http11Processor.service(Http11Processor.java:391) ~[tomcat-embed-core-10.1.20.jar:10.1.20]
	at org.apache.coyote.AbstractProcessorLight.process(AbstractProcessorLight.java:63) ~[tomcat-embed-core-10.1.20.jar:10.1.20]
	at org.apache.coyote.AbstractProtocol$ConnectionHandler.process(AbstractProtocol.java:896) ~[tomcat-embed-core-10.1.20.jar:10.1.20]
	at org.apache.tomcat.util.net.NioEndpoint$SocketProcessor.doRun(NioEndpoint.java:1736) ~[tomcat-embed-core-10.1.20.jar:10.1.20]
	at org.apache.tomcat.util.net.SocketProcessorBase.run(SocketProcessorBase.java:52) ~[tomcat-embed-core-10.1.20.jar:10.1.20]
	at org.apache.tomcat.util.threads.ThreadPoolExecutor.runWorker(ThreadPoolExecutor.java:1191) ~[tomcat-embed-core-10.1.20.jar:10.1.20]
	at org.apache.tomcat.util.threads.ThreadPoolExecutor$Worker.run(ThreadPoolExecutor.java:659) ~[tomcat-embed-core-10.1.20.jar:10.1.20]
	at org.apache.tomcat.util.threads.TaskThread$WrappingRunnable.run(TaskThread.java:63) ~[tomcat-embed-core-10.1.20.jar:10.1.20]
	at java.base/java.lang.Thread.run(Thread.java:1575) ~[na:na]
Caused by: org.apache.ibatis.exceptions.PersistenceException: 
### Error querying database.  Cause: org.springframework.jdbc.CannotGetJdbcConnectionException: Failed to obtain JDBC Connection
### The error may exist in com/ccb/lighting/module/device/mapper/DevPoleMapper.java (best guess)
### The error may involve com.ccb.lighting.module.device.mapper.DevPoleMapper.selectList
### The error occurred while executing a query
### Cause: org.springframework.jdbc.CannotGetJdbcConnectionException: Failed to obtain JDBC Connection
	at org.apache.ibatis.exceptions.ExceptionFactory.wrapException(ExceptionFactory.java:30) ~[mybatis-3.5.16.jar:3.5.16]
	at org.apache.ibatis.session.defaults.DefaultSqlSession.selectList(DefaultSqlSession.java:156) ~[mybatis-3.5.16.jar:3.5.16]
	at org.apache.ibatis.session.defaults.DefaultSqlSession.selectList(DefaultSqlSession.java:147) ~[mybatis-3.5.16.jar:3.5.16]
	at org.apache.ibatis.session.defaults.DefaultSqlSession.selectList(DefaultSqlSession.java:142) ~[mybatis-3.5.16.jar:3.5.16]
	at java.base/jdk.internal.reflect.DirectMethodHandleAccessor.invoke(DirectMethodHandleAccessor.java:103) ~[na:na]
	at java.base/java.lang.reflect.Method.invoke(Method.java:580) ~[na:na]
	at org.mybatis.spring.SqlSessionTemplate$SqlSessionInterceptor.invoke(SqlSessionTemplate.java:425) ~[mybatis-spring-3.0.3.jar:3.0.3]
	... 57 common frames omitted
Caused by: org.springframework.jdbc.CannotGetJdbcConnectionException: Failed to obtain JDBC Connection
	at org.springframework.jdbc.datasource.DataSourceUtils.getConnection(DataSourceUtils.java:84) ~[spring-jdbc-6.1.6.jar:6.1.6]
	at org.mybatis.spring.transaction.SpringManagedTransaction.openConnection(SpringManagedTransaction.java:80) ~[mybatis-spring-3.0.3.jar:3.0.3]
	at org.mybatis.spring.transaction.SpringManagedTransaction.getConnection(SpringManagedTransaction.java:67) ~[mybatis-spring-3.0.3.jar:3.0.3]
	at org.apache.ibatis.executor.BaseExecutor.getConnection(BaseExecutor.java:348) ~[mybatis-3.5.16.jar:3.5.16]
	at org.apache.ibatis.executor.SimpleExecutor.prepareStatement(SimpleExecutor.java:89) ~[mybatis-3.5.16.jar:3.5.16]
	at org.apache.ibatis.executor.SimpleExecutor.doQuery(SimpleExecutor.java:64) ~[mybatis-3.5.16.jar:3.5.16]
	at org.apache.ibatis.executor.BaseExecutor.queryFromDatabase(BaseExecutor.java:336) ~[mybatis-3.5.16.jar:3.5.16]
	at org.apache.ibatis.executor.BaseExecutor.query(BaseExecutor.java:158) ~[mybatis-3.5.16.jar:3.5.16]
	at org.apache.ibatis.executor.CachingExecutor.query(CachingExecutor.java:110) ~[mybatis-3.5.16.jar:3.5.16]
	at com.baomidou.mybatisplus.extension.plugins.MybatisPlusInterceptor.intercept(MybatisPlusInterceptor.java:81) ~[mybatis-plus-extension-3.5.7.jar:3.5.7]
	at org.apache.ibatis.plugin.Plugin.invoke(Plugin.java:59) ~[mybatis-3.5.16.jar:3.5.16]
	at jdk.proxy2/jdk.proxy2.$Proxy114.query(Unknown Source) ~[na:na]
	at org.apache.ibatis.session.defaults.DefaultSqlSession.selectList(DefaultSqlSession.java:154) ~[mybatis-3.5.16.jar:3.5.16]
	... 62 common frames omitted
Caused by: java.sql.SQLNonTransientConnectionException: Public Key Retrieval is not allowed
	at com.mysql.cj.jdbc.exceptions.SQLError.createSQLException(SQLError.java:111) ~[mysql-connector-j-8.3.0.jar:8.3.0]
	at com.mysql.cj.jdbc.exceptions.SQLExceptionsMapping.translateException(SQLExceptionsMapping.java:122) ~[mysql-connector-j-8.3.0.jar:8.3.0]
	at com.mysql.cj.jdbc.ConnectionImpl.createNewIO(ConnectionImpl.java:815) ~[mysql-connector-j-8.3.0.jar:8.3.0]
	at com.mysql.cj.jdbc.ConnectionImpl.<init>(ConnectionImpl.java:438) ~[mysql-connector-j-8.3.0.jar:8.3.0]
	at com.mysql.cj.jdbc.ConnectionImpl.getInstance(ConnectionImpl.java:241) ~[mysql-connector-j-8.3.0.jar:8.3.0]
	at com.mysql.cj.jdbc.NonRegisteringDriver.connect(NonRegisteringDriver.java:189) ~[mysql-connector-j-8.3.0.jar:8.3.0]
	at com.zaxxer.hikari.util.DriverDataSource.getConnection(DriverDataSource.java:138) ~[HikariCP-5.0.1.jar:na]
	at com.zaxxer.hikari.pool.PoolBase.newConnection(PoolBase.java:359) ~[HikariCP-5.0.1.jar:na]
	at com.zaxxer.hikari.pool.PoolBase.newPoolEntry(PoolBase.java:201) ~[HikariCP-5.0.1.jar:na]
	at com.zaxxer.hikari.pool.HikariPool.createPoolEntry(HikariPool.java:470) ~[HikariCP-5.0.1.jar:na]
	at com.zaxxer.hikari.pool.HikariPool.checkFailFast(HikariPool.java:561) ~[HikariCP-5.0.1.jar:na]
	at com.zaxxer.hikari.pool.HikariPool.<init>(HikariPool.java:100) ~[HikariCP-5.0.1.jar:na]
	at com.zaxxer.hikari.HikariDataSource.getConnection(HikariDataSource.java:112) ~[HikariCP-5.0.1.jar:na]
	at org.springframework.jdbc.datasource.DataSourceUtils.fetchConnection(DataSourceUtils.java:160) ~[spring-jdbc-6.1.6.jar:6.1.6]
	at org.springframework.jdbc.datasource.DataSourceUtils.doGetConnection(DataSourceUtils.java:118) ~[spring-jdbc-6.1.6.jar:6.1.6]
	at org.springframework.jdbc.datasource.DataSourceUtils.getConnection(DataSourceUtils.java:81) ~[spring-jdbc-6.1.6.jar:6.1.6]
	... 74 common frames omitted
Caused by: com.mysql.cj.exceptions.UnableToConnectException: Public Key Retrieval is not allowed
	at java.base/jdk.internal.reflect.DirectConstructorHandleAccessor.newInstance(DirectConstructorHandleAccessor.java:62) ~[na:na]
	at java.base/java.lang.reflect.Constructor.newInstanceWithCaller(Constructor.java:501) ~[na:na]
	at java.base/java.lang.reflect.Constructor.newInstance(Constructor.java:485) ~[na:na]
	at com.mysql.cj.exceptions.ExceptionFactory.createException(ExceptionFactory.java:61) ~[mysql-connector-j-8.3.0.jar:8.3.0]
	at com.mysql.cj.exceptions.ExceptionFactory.createException(ExceptionFactory.java:85) ~[mysql-connector-j-8.3.0.jar:8.3.0]
	at com.mysql.cj.protocol.a.authentication.CachingSha2PasswordPlugin.nextAuthenticationStep(CachingSha2PasswordPlugin.java:131) ~[mysql-connector-j-8.3.0.jar:8.3.0]
	at com.mysql.cj.protocol.a.authentication.CachingSha2PasswordPlugin.nextAuthenticationStep(CachingSha2PasswordPlugin.java:49) ~[mysql-connector-j-8.3.0.jar:8.3.0]
	at com.mysql.cj.protocol.a.NativeAuthenticationProvider.proceedHandshakeWithPluggableAuthentication(NativeAuthenticationProvider.java:446) ~[mysql-connector-j-8.3.0.jar:8.3.0]
	at com.mysql.cj.protocol.a.NativeAuthenticationProvider.connect(NativeAuthenticationProvider.java:215) ~[mysql-connector-j-8.3.0.jar:8.3.0]
	at com.mysql.cj.protocol.a.NativeProtocol.connect(NativeProtocol.java:1428) ~[mysql-connector-j-8.3.0.jar:8.3.0]
	at com.mysql.cj.NativeSession.connect(NativeSession.java:133) ~[mysql-connector-j-8.3.0.jar:8.3.0]
	at com.mysql.cj.jdbc.ConnectionImpl.connectOneTryOnly(ConnectionImpl.java:935) ~[mysql-connector-j-8.3.0.jar:8.3.0]
	at com.mysql.cj.jdbc.ConnectionImpl.createNewIO(ConnectionImpl.java:805) ~[mysql-connector-j-8.3.0.jar:8.3.0]
	... 87 common frames omitted

2026-07-23T09:20:59.601+08:00 ERROR 24644 --- [http-nio-8080-exec-4] com.zaxxer.hikari.pool.HikariPool        : HikariPool-1 - Exception during pool initialization.

java.sql.SQLNonTransientConnectionException: Public Key Retrieval is not allowed
	at com.mysql.cj.jdbc.exceptions.SQLError.createSQLException(SQLError.java:111) ~[mysql-connector-j-8.3.0.jar:8.3.0]
	at com.mysql.cj.jdbc.exceptions.SQLExceptionsMapping.translateException(SQLExceptionsMapping.java:122) ~[mysql-connector-j-8.3.0.jar:8.3.0]
	at com.mysql.cj.jdbc.ConnectionImpl.createNewIO(ConnectionImpl.java:815) ~[mysql-connector-j-8.3.0.jar:8.3.0]
	at com.mysql.cj.jdbc.ConnectionImpl.<init>(ConnectionImpl.java:438) ~[mysql-connector-j-8.3.0.jar:8.3.0]
	at com.mysql.cj.jdbc.ConnectionImpl.getInstance(ConnectionImpl.java:241) ~[mysql-connector-j-8.3.0.jar:8.3.0]
	at com.mysql.cj.jdbc.NonRegisteringDriver.connect(NonRegisteringDriver.java:189) ~[mysql-connector-j-8.3.0.jar:8.3.0]
	at com.zaxxer.hikari.util.DriverDataSource.getConnection(DriverDataSource.java:138) ~[HikariCP-5.0.1.jar:na]
	at com.zaxxer.hikari.pool.PoolBase.newConnection(PoolBase.java:359) ~[HikariCP-5.0.1.jar:na]
	at com.zaxxer.hikari.pool.PoolBase.newPoolEntry(PoolBase.java:201) ~[HikariCP-5.0.1.jar:na]
	at com.zaxxer.hikari.pool.HikariPool.createPoolEntry(HikariPool.java:470) ~[HikariCP-5.0.1.jar:na]
	at com.zaxxer.hikari.pool.HikariPool.checkFailFast(HikariPool.java:561) ~[HikariCP-5.0.1.jar:na]
	at com.zaxxer.hikari.pool.HikariPool.<init>(HikariPool.java:100) ~[HikariCP-5.0.1.jar:na]
	at com.zaxxer.hikari.HikariDataSource.getConnection(HikariDataSource.java:112) ~[HikariCP-5.0.1.jar:na]
	at org.springframework.jdbc.datasource.DataSourceUtils.fetchConnection(DataSourceUtils.java:160) ~[spring-jdbc-6.1.6.jar:6.1.6]
	at org.springframework.jdbc.datasource.DataSourceUtils.doGetConnection(DataSourceUtils.java:118) ~[spring-jdbc-6.1.6.jar:6.1.6]
	at org.springframework.jdbc.datasource.DataSourceUtils.getConnection(DataSourceUtils.java:81) ~[spring-jdbc-6.1.6.jar:6.1.6]
	at org.mybatis.spring.transaction.SpringManagedTransaction.openConnection(SpringManagedTransaction.java:80) ~[mybatis-spring-3.0.3.jar:3.0.3]
	at org.mybatis.spring.transaction.SpringManagedTransaction.getConnection(SpringManagedTransaction.java:67) ~[mybatis-spring-3.0.3.jar:3.0.3]
	at org.apache.ibatis.executor.BaseExecutor.getConnection(BaseExecutor.java:348) ~[mybatis-3.5.16.jar:3.5.16]
	at org.apache.ibatis.executor.SimpleExecutor.prepareStatement(SimpleExecutor.java:89) ~[mybatis-3.5.16.jar:3.5.16]
	at org.apache.ibatis.executor.SimpleExecutor.doQuery(SimpleExecutor.java:64) ~[mybatis-3.5.16.jar:3.5.16]
	at org.apache.ibatis.executor.BaseExecutor.queryFromDatabase(BaseExecutor.java:336) ~[mybatis-3.5.16.jar:3.5.16]
	at org.apache.ibatis.executor.BaseExecutor.query(BaseExecutor.java:158) ~[mybatis-3.5.16.jar:3.5.16]
	at org.apache.ibatis.executor.CachingExecutor.query(CachingExecutor.java:110) ~[mybatis-3.5.16.jar:3.5.16]
	at com.baomidou.mybatisplus.extension.plugins.inner.PaginationInnerInterceptor.willDoQuery(PaginationInnerInterceptor.java:135) ~[mybatis-plus-extension-3.5.7.jar:3.5.7]
	at com.baomidou.mybatisplus.extension.plugins.MybatisPlusInterceptor.intercept(MybatisPlusInterceptor.java:75) ~[mybatis-plus-extension-3.5.7.jar:3.5.7]
	at org.apache.ibatis.plugin.Plugin.invoke(Plugin.java:59) ~[mybatis-3.5.16.jar:3.5.16]
	at jdk.proxy2/jdk.proxy2.$Proxy114.query(Unknown Source) ~[na:na]
	at org.apache.ibatis.session.defaults.DefaultSqlSession.selectList(DefaultSqlSession.java:154) ~[mybatis-3.5.16.jar:3.5.16]
	at org.apache.ibatis.session.defaults.DefaultSqlSession.selectList(DefaultSqlSession.java:147) ~[mybatis-3.5.16.jar:3.5.16]
	at org.apache.ibatis.session.defaults.DefaultSqlSession.selectList(DefaultSqlSession.java:142) ~[mybatis-3.5.16.jar:3.5.16]
	at java.base/jdk.internal.reflect.DirectMethodHandleAccessor.invoke(DirectMethodHandleAccessor.java:103) ~[na:na]
	at java.base/java.lang.reflect.Method.invoke(Method.java:580) ~[na:na]
	at org.mybatis.spring.SqlSessionTemplate$SqlSessionInterceptor.invoke(SqlSessionTemplate.java:425) ~[mybatis-spring-3.0.3.jar:3.0.3]
	at jdk.proxy2/jdk.proxy2.$Proxy75.selectList(Unknown Source) ~[na:na]
	at org.mybatis.spring.SqlSessionTemplate.selectList(SqlSessionTemplate.java:224) ~[mybatis-spring-3.0.3.jar:3.0.3]
	at com.baomidou.mybatisplus.core.override.MybatisMapperMethod.executeForMany(MybatisMapperMethod.java:164) ~[mybatis-plus-core-3.5.7.jar:3.5.7]
	at com.baomidou.mybatisplus.core.override.MybatisMapperMethod.execute(MybatisMapperMethod.java:77) ~[mybatis-plus-core-3.5.7.jar:3.5.7]
	at com.baomidou.mybatisplus.core.override.MybatisMapperProxy$PlainMethodInvoker.invoke(MybatisMapperProxy.java:152) ~[mybatis-plus-core-3.5.7.jar:3.5.7]
	at com.baomidou.mybatisplus.core.override.MybatisMapperProxy.invoke(MybatisMapperProxy.java:89) ~[mybatis-plus-core-3.5.7.jar:3.5.7]
	at jdk.proxy2/jdk.proxy2.$Proxy83.selectList(Unknown Source) ~[na:na]
	at com.baomidou.mybatisplus.core.mapper.BaseMapper.selectPage(BaseMapper.java:432) ~[mybatis-plus-core-3.5.7.jar:3.5.7]
	at java.base/java.lang.invoke.MethodHandle.invokeWithArguments(MethodHandle.java:735) ~[na:na]
	at com.baomidou.mybatisplus.core.override.MybatisMapperProxy$DefaultMethodInvoker.invoke(MybatisMapperProxy.java:166) ~[mybatis-plus-core-3.5.7.jar:3.5.7]
	at com.baomidou.mybatisplus.core.override.MybatisMapperProxy.invoke(MybatisMapperProxy.java:89) ~[mybatis-plus-core-3.5.7.jar:3.5.7]
	at jdk.proxy2/jdk.proxy2.$Proxy83.selectPage(Unknown Source) ~[na:na]
	at com.ccb.lighting.module.device.service.impl.DevDeviceServiceImpl.pageList(DevDeviceServiceImpl.java:72) ~[classes/:na]
	at com.ccb.lighting.module.device.controller.DevDeviceController.page(DevDeviceController.java:59) ~[classes/:na]
	at java.base/jdk.internal.reflect.DirectMethodHandleAccessor.invoke(DirectMethodHandleAccessor.java:103) ~[na:na]
	at java.base/java.lang.reflect.Method.invoke(Method.java:580) ~[na:na]
	at org.springframework.web.method.support.InvocableHandlerMethod.doInvoke(InvocableHandlerMethod.java:255) ~[spring-web-6.1.6.jar:6.1.6]
	at org.springframework.web.method.support.InvocableHandlerMethod.invokeForRequest(InvocableHandlerMethod.java:188) ~[spring-web-6.1.6.jar:6.1.6]
	at org.springframework.web.servlet.mvc.method.annotation.ServletInvocableHandlerMethod.invokeAndHandle(ServletInvocableHandlerMethod.java:118) ~[spring-webmvc-6.1.6.jar:6.1.6]
	at org.springframework.web.servlet.mvc.method.annotation.RequestMappingHandlerAdapter.invokeHandlerMethod(RequestMappingHandlerAdapter.java:926) ~[spring-webmvc-6.1.6.jar:6.1.6]
	at org.springframework.web.servlet.mvc.method.annotation.RequestMappingHandlerAdapter.handleInternal(RequestMappingHandlerAdapter.java:831) ~[spring-webmvc-6.1.6.jar:6.1.6]
	at org.springframework.web.servlet.mvc.method.AbstractHandlerMethodAdapter.handle(AbstractHandlerMethodAdapter.java:87) ~[spring-webmvc-6.1.6.jar:6.1.6]
	at org.springframework.web.servlet.DispatcherServlet.doDispatch(DispatcherServlet.java:1089) ~[spring-webmvc-6.1.6.jar:6.1.6]
	at org.springframework.web.servlet.DispatcherServlet.doService(DispatcherServlet.java:979) ~[spring-webmvc-6.1.6.jar:6.1.6]
	at org.springframework.web.servlet.FrameworkServlet.processRequest(FrameworkServlet.java:1014) ~[spring-webmvc-6.1.6.jar:6.1.6]
	at org.springframework.web.servlet.FrameworkServlet.doGet(FrameworkServlet.java:903) ~[spring-webmvc-6.1.6.jar:6.1.6]
	at jakarta.servlet.http.HttpServlet.service(HttpServlet.java:564) ~[tomcat-embed-core-10.1.20.jar:6.0]
	at org.springframework.web.servlet.FrameworkServlet.service(FrameworkServlet.java:885) ~[spring-webmvc-6.1.6.jar:6.1.6]
	at jakarta.servlet.http.HttpServlet.service(HttpServlet.java:658) ~[tomcat-embed-core-10.1.20.jar:6.0]
	at org.apache.catalina.core.ApplicationFilterChain.internalDoFilter(ApplicationFilterChain.java:206) ~[tomcat-embed-core-10.1.20.jar:10.1.20]
	at org.apache.catalina.core.ApplicationFilterChain.doFilter(ApplicationFilterChain.java:150) ~[tomcat-embed-core-10.1.20.jar:10.1.20]
	at org.apache.tomcat.websocket.server.WsFilter.doFilter(WsFilter.java:51) ~[tomcat-embed-websocket-10.1.20.jar:10.1.20]
	at org.apache.catalina.core.ApplicationFilterChain.internalDoFilter(ApplicationFilterChain.java:175) ~[tomcat-embed-core-10.1.20.jar:10.1.20]
	at org.apache.catalina.core.ApplicationFilterChain.doFilter(ApplicationFilterChain.java:150) ~[tomcat-embed-core-10.1.20.jar:10.1.20]
	at org.springframework.web.filter.RequestContextFilter.doFilterInternal(RequestContextFilter.java:100) ~[spring-web-6.1.6.jar:6.1.6]
	at org.springframework.web.filter.OncePerRequestFilter.doFilter(OncePerRequestFilter.java:116) ~[spring-web-6.1.6.jar:6.1.6]
	at org.apache.catalina.core.ApplicationFilterChain.internalDoFilter(ApplicationFilterChain.java:175) ~[tomcat-embed-core-10.1.20.jar:10.1.20]
	at org.apache.catalina.core.ApplicationFilterChain.doFilter(ApplicationFilterChain.java:150) ~[tomcat-embed-core-10.1.20.jar:10.1.20]
	at org.springframework.web.filter.FormContentFilter.doFilterInternal(FormContentFilter.java:93) ~[spring-web-6.1.6.jar:6.1.6]
	at org.springframework.web.filter.OncePerRequestFilter.doFilter(OncePerRequestFilter.java:116) ~[spring-web-6.1.6.jar:6.1.6]
	at org.apache.catalina.core.ApplicationFilterChain.internalDoFilter(ApplicationFilterChain.java:175) ~[tomcat-embed-core-10.1.20.jar:10.1.20]
	at org.apache.catalina.core.ApplicationFilterChain.doFilter(ApplicationFilterChain.java:150) ~[tomcat-embed-core-10.1.20.jar:10.1.20]
	at org.springframework.web.filter.CharacterEncodingFilter.doFilterInternal(CharacterEncodingFilter.java:201) ~[spring-web-6.1.6.jar:6.1.6]
	at org.springframework.web.filter.OncePerRequestFilter.doFilter(OncePerRequestFilter.java:116) ~[spring-web-6.1.6.jar:6.1.6]
	at org.apache.catalina.core.ApplicationFilterChain.internalDoFilter(ApplicationFilterChain.java:175) ~[tomcat-embed-core-10.1.20.jar:10.1.20]
	at org.apache.catalina.core.ApplicationFilterChain.doFilter(ApplicationFilterChain.java:150) ~[tomcat-embed-core-10.1.20.jar:10.1.20]
	at org.apache.catalina.core.StandardWrapperValve.invoke(StandardWrapperValve.java:167) ~[tomcat-embed-core-10.1.20.jar:10.1.20]
	at org.apache.catalina.core.StandardContextValve.invoke(StandardContextValve.java:90) ~[tomcat-embed-core-10.1.20.jar:10.1.20]
	at org.apache.catalina.authenticator.AuthenticatorBase.invoke(AuthenticatorBase.java:482) ~[tomcat-embed-core-10.1.20.jar:10.1.20]
	at org.apache.catalina.core.StandardHostValve.invoke(StandardHostValve.java:115) ~[tomcat-embed-core-10.1.20.jar:10.1.20]
	at org.apache.catalina.valves.ErrorReportValve.invoke(ErrorReportValve.java:93) ~[tomcat-embed-core-10.1.20.jar:10.1.20]
	at org.apache.catalina.core.StandardEngineValve.invoke(StandardEngineValve.java:74) ~[tomcat-embed-core-10.1.20.jar:10.1.20]
	at org.apache.catalina.connector.CoyoteAdapter.service(CoyoteAdapter.java:344) ~[tomcat-embed-core-10.1.20.jar:10.1.20]
	at org.apache.coyote.http11.Http11Processor.service(Http11Processor.java:391) ~[tomcat-embed-core-10.1.20.jar:10.1.20]
	at org.apache.coyote.AbstractProcessorLight.process(AbstractProcessorLight.java:63) ~[tomcat-embed-core-10.1.20.jar:10.1.20]
	at org.apache.coyote.AbstractProtocol$ConnectionHandler.process(AbstractProtocol.java:896) ~[tomcat-embed-core-10.1.20.jar:10.1.20]
	at org.apache.tomcat.util.net.NioEndpoint$SocketProcessor.doRun(NioEndpoint.java:1736) ~[tomcat-embed-core-10.1.20.jar:10.1.20]
	at org.apache.tomcat.util.net.SocketProcessorBase.run(SocketProcessorBase.java:52) ~[tomcat-embed-core-10.1.20.jar:10.1.20]
	at org.apache.tomcat.util.threads.ThreadPoolExecutor.runWorker(ThreadPoolExecutor.java:1191) ~[tomcat-embed-core-10.1.20.jar:10.1.20]
	at org.apache.tomcat.util.threads.ThreadPoolExecutor$Worker.run(ThreadPoolExecutor.java:659) ~[tomcat-embed-core-10.1.20.jar:10.1.20]
	at org.apache.tomcat.util.threads.TaskThread$WrappingRunnable.run(TaskThread.java:63) ~[tomcat-embed-core-10.1.20.jar:10.1.20]
	at java.base/java.lang.Thread.run(Thread.java:1575) ~[na:na]
Caused by: com.mysql.cj.exceptions.UnableToConnectException: Public Key Retrieval is not allowed
	at java.base/jdk.internal.reflect.DirectConstructorHandleAccessor.newInstance(DirectConstructorHandleAccessor.java:62) ~[na:na]
	at java.base/java.lang.reflect.Constructor.newInstanceWithCaller(Constructor.java:501) ~[na:na]
	at java.base/java.lang.reflect.Constructor.newInstance(Constructor.java:485) ~[na:na]
	at com.mysql.cj.exceptions.ExceptionFactory.createException(ExceptionFactory.java:61) ~[mysql-connector-j-8.3.0.jar:8.3.0]
	at com.mysql.cj.exceptions.ExceptionFactory.createException(ExceptionFactory.java:85) ~[mysql-connector-j-8.3.0.jar:8.3.0]
	at com.mysql.cj.protocol.a.authentication.CachingSha2PasswordPlugin.nextAuthenticationStep(CachingSha2PasswordPlugin.java:131) ~[mysql-connector-j-8.3.0.jar:8.3.0]
	at com.mysql.cj.protocol.a.authentication.CachingSha2PasswordPlugin.nextAuthenticationStep(CachingSha2PasswordPlugin.java:49) ~[mysql-connector-j-8.3.0.jar:8.3.0]
	at com.mysql.cj.protocol.a.NativeAuthenticationProvider.proceedHandshakeWithPluggableAuthentication(NativeAuthenticationProvider.java:446) ~[mysql-connector-j-8.3.0.jar:8.3.0]
	at com.mysql.cj.protocol.a.NativeAuthenticationProvider.connect(NativeAuthenticationProvider.java:215) ~[mysql-connector-j-8.3.0.jar:8.3.0]
	at com.mysql.cj.protocol.a.NativeProtocol.connect(NativeProtocol.java:1428) ~[mysql-connector-j-8.3.0.jar:8.3.0]
	at com.mysql.cj.NativeSession.connect(NativeSession.java:133) ~[mysql-connector-j-8.3.0.jar:8.3.0]
	at com.mysql.cj.jdbc.ConnectionImpl.connectOneTryOnly(ConnectionImpl.java:935) ~[mysql-connector-j-8.3.0.jar:8.3.0]
	at com.mysql.cj.jdbc.ConnectionImpl.createNewIO(ConnectionImpl.java:805) ~[mysql-connector-j-8.3.0.jar:8.3.0]
	... 93 common frames omitted

2026-07-23T09:20:59.603+08:00  INFO 24644 --- [http-nio-8080-exec-5] com.zaxxer.hikari.HikariDataSource       : HikariPool-1 - Starting...
2026-07-23T09:20:59.603+08:00 ERROR 24644 --- [http-nio-8080-exec-4] c.c.l.common.GlobalExceptionHandler      : 系统异常: 

org.mybatis.spring.MyBatisSystemException: null
	at org.mybatis.spring.MyBatisExceptionTranslator.translateExceptionIfPossible(MyBatisExceptionTranslator.java:97) ~[mybatis-spring-3.0.3.jar:3.0.3]
	at org.mybatis.spring.SqlSessionTemplate$SqlSessionInterceptor.invoke(SqlSessionTemplate.java:439) ~[mybatis-spring-3.0.3.jar:3.0.3]
	at jdk.proxy2/jdk.proxy2.$Proxy75.selectList(Unknown Source) ~[na:na]
	at org.mybatis.spring.SqlSessionTemplate.selectList(SqlSessionTemplate.java:224) ~[mybatis-spring-3.0.3.jar:3.0.3]
	at com.baomidou.mybatisplus.core.override.MybatisMapperMethod.executeForMany(MybatisMapperMethod.java:164) ~[mybatis-plus-core-3.5.7.jar:3.5.7]
	at com.baomidou.mybatisplus.core.override.MybatisMapperMethod.execute(MybatisMapperMethod.java:77) ~[mybatis-plus-core-3.5.7.jar:3.5.7]
	at com.baomidou.mybatisplus.core.override.MybatisMapperProxy$PlainMethodInvoker.invoke(MybatisMapperProxy.java:152) ~[mybatis-plus-core-3.5.7.jar:3.5.7]
	at com.baomidou.mybatisplus.core.override.MybatisMapperProxy.invoke(MybatisMapperProxy.java:89) ~[mybatis-plus-core-3.5.7.jar:3.5.7]
	at jdk.proxy2/jdk.proxy2.$Proxy83.selectList(Unknown Source) ~[na:na]
	at com.baomidou.mybatisplus.core.mapper.BaseMapper.selectPage(BaseMapper.java:432) ~[mybatis-plus-core-3.5.7.jar:3.5.7]
	at java.base/java.lang.invoke.MethodHandle.invokeWithArguments(MethodHandle.java:735) ~[na:na]
	at com.baomidou.mybatisplus.core.override.MybatisMapperProxy$DefaultMethodInvoker.invoke(MybatisMapperProxy.java:166) ~[mybatis-plus-core-3.5.7.jar:3.5.7]
	at com.baomidou.mybatisplus.core.override.MybatisMapperProxy.invoke(MybatisMapperProxy.java:89) ~[mybatis-plus-core-3.5.7.jar:3.5.7]
	at jdk.proxy2/jdk.proxy2.$Proxy83.selectPage(Unknown Source) ~[na:na]
	at com.ccb.lighting.module.device.service.impl.DevDeviceServiceImpl.pageList(DevDeviceServiceImpl.java:72) ~[classes/:na]
	at com.ccb.lighting.module.device.controller.DevDeviceController.page(DevDeviceController.java:59) ~[classes/:na]
	at java.base/jdk.internal.reflect.DirectMethodHandleAccessor.invoke(DirectMethodHandleAccessor.java:103) ~[na:na]
	at java.base/java.lang.reflect.Method.invoke(Method.java:580) ~[na:na]
	at org.springframework.web.method.support.InvocableHandlerMethod.doInvoke(InvocableHandlerMethod.java:255) ~[spring-web-6.1.6.jar:6.1.6]
	at org.springframework.web.method.support.InvocableHandlerMethod.invokeForRequest(InvocableHandlerMethod.java:188) ~[spring-web-6.1.6.jar:6.1.6]
	at org.springframework.web.servlet.mvc.method.annotation.ServletInvocableHandlerMethod.invokeAndHandle(ServletInvocableHandlerMethod.java:118) ~[spring-webmvc-6.1.6.jar:6.1.6]
	at org.springframework.web.servlet.mvc.method.annotation.RequestMappingHandlerAdapter.invokeHandlerMethod(RequestMappingHandlerAdapter.java:926) ~[spring-webmvc-6.1.6.jar:6.1.6]
	at org.springframework.web.servlet.mvc.method.annotation.RequestMappingHandlerAdapter.handleInternal(RequestMappingHandlerAdapter.java:831) ~[spring-webmvc-6.1.6.jar:6.1.6]
	at org.springframework.web.servlet.mvc.method.AbstractHandlerMethodAdapter.handle(AbstractHandlerMethodAdapter.java:87) ~[spring-webmvc-6.1.6.jar:6.1.6]
	at org.springframework.web.servlet.DispatcherServlet.doDispatch(DispatcherServlet.java:1089) ~[spring-webmvc-6.1.6.jar:6.1.6]
	at org.springframework.web.servlet.DispatcherServlet.doService(DispatcherServlet.java:979) ~[spring-webmvc-6.1.6.jar:6.1.6]
	at org.springframework.web.servlet.FrameworkServlet.processRequest(FrameworkServlet.java:1014) ~[spring-webmvc-6.1.6.jar:6.1.6]
	at org.springframework.web.servlet.FrameworkServlet.doGet(FrameworkServlet.java:903) ~[spring-webmvc-6.1.6.jar:6.1.6]
	at jakarta.servlet.http.HttpServlet.service(HttpServlet.java:564) ~[tomcat-embed-core-10.1.20.jar:6.0]
	at org.springframework.web.servlet.FrameworkServlet.service(FrameworkServlet.java:885) ~[spring-webmvc-6.1.6.jar:6.1.6]
	at jakarta.servlet.http.HttpServlet.service(HttpServlet.java:658) ~[tomcat-embed-core-10.1.20.jar:6.0]
	at org.apache.catalina.core.ApplicationFilterChain.internalDoFilter(ApplicationFilterChain.java:206) ~[tomcat-embed-core-10.1.20.jar:10.1.20]
	at org.apache.catalina.core.ApplicationFilterChain.doFilter(ApplicationFilterChain.java:150) ~[tomcat-embed-core-10.1.20.jar:10.1.20]
	at org.apache.tomcat.websocket.server.WsFilter.doFilter(WsFilter.java:51) ~[tomcat-embed-websocket-10.1.20.jar:10.1.20]
	at org.apache.catalina.core.ApplicationFilterChain.internalDoFilter(ApplicationFilterChain.java:175) ~[tomcat-embed-core-10.1.20.jar:10.1.20]
	at org.apache.catalina.core.ApplicationFilterChain.doFilter(ApplicationFilterChain.java:150) ~[tomcat-embed-core-10.1.20.jar:10.1.20]
	at org.springframework.web.filter.RequestContextFilter.doFilterInternal(RequestContextFilter.java:100) ~[spring-web-6.1.6.jar:6.1.6]
	at org.springframework.web.filter.OncePerRequestFilter.doFilter(OncePerRequestFilter.java:116) ~[spring-web-6.1.6.jar:6.1.6]
	at org.apache.catalina.core.ApplicationFilterChain.internalDoFilter(ApplicationFilterChain.java:175) ~[tomcat-embed-core-10.1.20.jar:10.1.20]
	at org.apache.catalina.core.ApplicationFilterChain.doFilter(ApplicationFilterChain.java:150) ~[tomcat-embed-core-10.1.20.jar:10.1.20]
	at org.springframework.web.filter.FormContentFilter.doFilterInternal(FormContentFilter.java:93) ~[spring-web-6.1.6.jar:6.1.6]
	at org.springframework.web.filter.OncePerRequestFilter.doFilter(OncePerRequestFilter.java:116) ~[spring-web-6.1.6.jar:6.1.6]
	at org.apache.catalina.core.ApplicationFilterChain.internalDoFilter(ApplicationFilterChain.java:175) ~[tomcat-embed-core-10.1.20.jar:10.1.20]
	at org.apache.catalina.core.ApplicationFilterChain.doFilter(ApplicationFilterChain.java:150) ~[tomcat-embed-core-10.1.20.jar:10.1.20]
	at org.springframework.web.filter.CharacterEncodingFilter.doFilterInternal(CharacterEncodingFilter.java:201) ~[spring-web-6.1.6.jar:6.1.6]
	at org.springframework.web.filter.OncePerRequestFilter.doFilter(OncePerRequestFilter.java:116) ~[spring-web-6.1.6.jar:6.1.6]
	at org.apache.catalina.core.ApplicationFilterChain.internalDoFilter(ApplicationFilterChain.java:175) ~[tomcat-embed-core-10.1.20.jar:10.1.20]
	at org.apache.catalina.core.ApplicationFilterChain.doFilter(ApplicationFilterChain.java:150) ~[tomcat-embed-core-10.1.20.jar:10.1.20]
	at org.apache.catalina.core.StandardWrapperValve.invoke(StandardWrapperValve.java:167) ~[tomcat-embed-core-10.1.20.jar:10.1.20]
	at org.apache.catalina.core.StandardContextValve.invoke(StandardContextValve.java:90) ~[tomcat-embed-core-10.1.20.jar:10.1.20]
	at org.apache.catalina.authenticator.AuthenticatorBase.invoke(AuthenticatorBase.java:482) ~[tomcat-embed-core-10.1.20.jar:10.1.20]
	at org.apache.catalina.core.StandardHostValve.invoke(StandardHostValve.java:115) ~[tomcat-embed-core-10.1.20.jar:10.1.20]
	at org.apache.catalina.valves.ErrorReportValve.invoke(ErrorReportValve.java:93) ~[tomcat-embed-core-10.1.20.jar:10.1.20]
	at org.apache.catalina.core.StandardEngineValve.invoke(StandardEngineValve.java:74) ~[tomcat-embed-core-10.1.20.jar:10.1.20]
	at org.apache.catalina.connector.CoyoteAdapter.service(CoyoteAdapter.java:344) ~[tomcat-embed-core-10.1.20.jar:10.1.20]
	at org.apache.coyote.http11.Http11Processor.service(Http11Processor.java:391) ~[tomcat-embed-core-10.1.20.jar:10.1.20]
	at org.apache.coyote.AbstractProcessorLight.process(AbstractProcessorLight.java:63) ~[tomcat-embed-core-10.1.20.jar:10.1.20]
	at org.apache.coyote.AbstractProtocol$ConnectionHandler.process(AbstractProtocol.java:896) ~[tomcat-embed-core-10.1.20.jar:10.1.20]
	at org.apache.tomcat.util.net.NioEndpoint$SocketProcessor.doRun(NioEndpoint.java:1736) ~[tomcat-embed-core-10.1.20.jar:10.1.20]
	at org.apache.tomcat.util.net.SocketProcessorBase.run(SocketProcessorBase.java:52) ~[tomcat-embed-core-10.1.20.jar:10.1.20]
	at org.apache.tomcat.util.threads.ThreadPoolExecutor.runWorker(ThreadPoolExecutor.java:1191) ~[tomcat-embed-core-10.1.20.jar:10.1.20]
	at org.apache.tomcat.util.threads.ThreadPoolExecutor$Worker.run(ThreadPoolExecutor.java:659) ~[tomcat-embed-core-10.1.20.jar:10.1.20]
	at org.apache.tomcat.util.threads.TaskThread$WrappingRunnable.run(TaskThread.java:63) ~[tomcat-embed-core-10.1.20.jar:10.1.20]
	at java.base/java.lang.Thread.run(Thread.java:1575) ~[na:na]
Caused by: org.apache.ibatis.exceptions.PersistenceException: 
### Error querying database.  Cause: org.springframework.jdbc.CannotGetJdbcConnectionException: Failed to obtain JDBC Connection
### The error may exist in com/ccb/lighting/module/device/mapper/DevDeviceMapper.java (best guess)
### The error may involve com.ccb.lighting.module.device.mapper.DevDeviceMapper.selectList_mpCount
### The error occurred while executing a query
### Cause: org.springframework.jdbc.CannotGetJdbcConnectionException: Failed to obtain JDBC Connection
	at org.apache.ibatis.exceptions.ExceptionFactory.wrapException(ExceptionFactory.java:30) ~[mybatis-3.5.16.jar:3.5.16]
	at org.apache.ibatis.session.defaults.DefaultSqlSession.selectList(DefaultSqlSession.java:156) ~[mybatis-3.5.16.jar:3.5.16]
	at org.apache.ibatis.session.defaults.DefaultSqlSession.selectList(DefaultSqlSession.java:147) ~[mybatis-3.5.16.jar:3.5.16]
	at org.apache.ibatis.session.defaults.DefaultSqlSession.selectList(DefaultSqlSession.java:142) ~[mybatis-3.5.16.jar:3.5.16]
	at java.base/jdk.internal.reflect.DirectMethodHandleAccessor.invoke(DirectMethodHandleAccessor.java:103) ~[na:na]
	at java.base/java.lang.reflect.Method.invoke(Method.java:580) ~[na:na]
	at org.mybatis.spring.SqlSessionTemplate$SqlSessionInterceptor.invoke(SqlSessionTemplate.java:425) ~[mybatis-spring-3.0.3.jar:3.0.3]
	... 62 common frames omitted
Caused by: org.springframework.jdbc.CannotGetJdbcConnectionException: Failed to obtain JDBC Connection
	at org.springframework.jdbc.datasource.DataSourceUtils.getConnection(DataSourceUtils.java:84) ~[spring-jdbc-6.1.6.jar:6.1.6]
	at org.mybatis.spring.transaction.SpringManagedTransaction.openConnection(SpringManagedTransaction.java:80) ~[mybatis-spring-3.0.3.jar:3.0.3]
	at org.mybatis.spring.transaction.SpringManagedTransaction.getConnection(SpringManagedTransaction.java:67) ~[mybatis-spring-3.0.3.jar:3.0.3]
	at org.apache.ibatis.executor.BaseExecutor.getConnection(BaseExecutor.java:348) ~[mybatis-3.5.16.jar:3.5.16]
	at org.apache.ibatis.executor.SimpleExecutor.prepareStatement(SimpleExecutor.java:89) ~[mybatis-3.5.16.jar:3.5.16]
	at org.apache.ibatis.executor.SimpleExecutor.doQuery(SimpleExecutor.java:64) ~[mybatis-3.5.16.jar:3.5.16]
	at org.apache.ibatis.executor.BaseExecutor.queryFromDatabase(BaseExecutor.java:336) ~[mybatis-3.5.16.jar:3.5.16]
	at org.apache.ibatis.executor.BaseExecutor.query(BaseExecutor.java:158) ~[mybatis-3.5.16.jar:3.5.16]
	at org.apache.ibatis.executor.CachingExecutor.query(CachingExecutor.java:110) ~[mybatis-3.5.16.jar:3.5.16]
	at com.baomidou.mybatisplus.extension.plugins.inner.PaginationInnerInterceptor.willDoQuery(PaginationInnerInterceptor.java:135) ~[mybatis-plus-extension-3.5.7.jar:3.5.7]
	at com.baomidou.mybatisplus.extension.plugins.MybatisPlusInterceptor.intercept(MybatisPlusInterceptor.java:75) ~[mybatis-plus-extension-3.5.7.jar:3.5.7]
	at org.apache.ibatis.plugin.Plugin.invoke(Plugin.java:59) ~[mybatis-3.5.16.jar:3.5.16]
	at jdk.proxy2/jdk.proxy2.$Proxy114.query(Unknown Source) ~[na:na]
	at org.apache.ibatis.session.defaults.DefaultSqlSession.selectList(DefaultSqlSession.java:154) ~[mybatis-3.5.16.jar:3.5.16]
	... 67 common frames omitted
Caused by: java.sql.SQLNonTransientConnectionException: Public Key Retrieval is not allowed
	at com.mysql.cj.jdbc.exceptions.SQLError.createSQLException(SQLError.java:111) ~[mysql-connector-j-8.3.0.jar:8.3.0]
	at com.mysql.cj.jdbc.exceptions.SQLExceptionsMapping.translateException(SQLExceptionsMapping.java:122) ~[mysql-connector-j-8.3.0.jar:8.3.0]
	at com.mysql.cj.jdbc.ConnectionImpl.createNewIO(ConnectionImpl.java:815) ~[mysql-connector-j-8.3.0.jar:8.3.0]
	at com.mysql.cj.jdbc.ConnectionImpl.<init>(ConnectionImpl.java:438) ~[mysql-connector-j-8.3.0.jar:8.3.0]
	at com.mysql.cj.jdbc.ConnectionImpl.getInstance(ConnectionImpl.java:241) ~[mysql-connector-j-8.3.0.jar:8.3.0]
	at com.mysql.cj.jdbc.NonRegisteringDriver.connect(NonRegisteringDriver.java:189) ~[mysql-connector-j-8.3.0.jar:8.3.0]
	at com.zaxxer.hikari.util.DriverDataSource.getConnection(DriverDataSource.java:138) ~[HikariCP-5.0.1.jar:na]
	at com.zaxxer.hikari.pool.PoolBase.newConnection(PoolBase.java:359) ~[HikariCP-5.0.1.jar:na]
	at com.zaxxer.hikari.pool.PoolBase.newPoolEntry(PoolBase.java:201) ~[HikariCP-5.0.1.jar:na]
	at com.zaxxer.hikari.pool.HikariPool.createPoolEntry(HikariPool.java:470) ~[HikariCP-5.0.1.jar:na]
	at com.zaxxer.hikari.pool.HikariPool.checkFailFast(HikariPool.java:561) ~[HikariCP-5.0.1.jar:na]
	at com.zaxxer.hikari.pool.HikariPool.<init>(HikariPool.java:100) ~[HikariCP-5.0.1.jar:na]
	at com.zaxxer.hikari.HikariDataSource.getConnection(HikariDataSource.java:112) ~[HikariCP-5.0.1.jar:na]
	at org.springframework.jdbc.datasource.DataSourceUtils.fetchConnection(DataSourceUtils.java:160) ~[spring-jdbc-6.1.6.jar:6.1.6]
	at org.springframework.jdbc.datasource.DataSourceUtils.doGetConnection(DataSourceUtils.java:118) ~[spring-jdbc-6.1.6.jar:6.1.6]
	at org.springframework.jdbc.datasource.DataSourceUtils.getConnection(DataSourceUtils.java:81) ~[spring-jdbc-6.1.6.jar:6.1.6]
	... 80 common frames omitted
Caused by: com.mysql.cj.exceptions.UnableToConnectException: Public Key Retrieval is not allowed
	at java.base/jdk.internal.reflect.DirectConstructorHandleAccessor.newInstance(DirectConstructorHandleAccessor.java:62) ~[na:na]
	at java.base/java.lang.reflect.Constructor.newInstanceWithCaller(Constructor.java:501) ~[na:na]
	at java.base/java.lang.reflect.Constructor.newInstance(Constructor.java:485) ~[na:na]
	at com.mysql.cj.exceptions.ExceptionFactory.createException(ExceptionFactory.java:61) ~[mysql-connector-j-8.3.0.jar:8.3.0]
	at com.mysql.cj.exceptions.ExceptionFactory.createException(ExceptionFactory.java:85) ~[mysql-connector-j-8.3.0.jar:8.3.0]
	at com.mysql.cj.protocol.a.authentication.CachingSha2PasswordPlugin.nextAuthenticationStep(CachingSha2PasswordPlugin.java:131) ~[mysql-connector-j-8.3.0.jar:8.3.0]
	at com.mysql.cj.protocol.a.authentication.CachingSha2PasswordPlugin.nextAuthenticationStep(CachingSha2PasswordPlugin.java:49) ~[mysql-connector-j-8.3.0.jar:8.3.0]
	at com.mysql.cj.protocol.a.NativeAuthenticationProvider.proceedHandshakeWithPluggableAuthentication(NativeAuthenticationProvider.java:446) ~[mysql-connector-j-8.3.0.jar:8.3.0]
	at com.mysql.cj.protocol.a.NativeAuthenticationProvider.connect(NativeAuthenticationProvider.java:215) ~[mysql-connector-j-8.3.0.jar:8.3.0]
	at com.mysql.cj.protocol.a.NativeProtocol.connect(NativeProtocol.java:1428) ~[mysql-connector-j-8.3.0.jar:8.3.0]
	at com.mysql.cj.NativeSession.connect(NativeSession.java:133) ~[mysql-connector-j-8.3.0.jar:8.3.0]
	at com.mysql.cj.jdbc.ConnectionImpl.connectOneTryOnly(ConnectionImpl.java:935) ~[mysql-connector-j-8.3.0.jar:8.3.0]
	at com.mysql.cj.jdbc.ConnectionImpl.createNewIO(ConnectionImpl.java:805) ~[mysql-connector-j-8.3.0.jar:8.3.0]
	... 93 common frames omitted

2026-07-23T09:21:00.615+08:00 ERROR 24644 --- [http-nio-8080-exec-5] com.zaxxer.hikari.pool.HikariPool        : HikariPool-1 - Exception during pool initialization.

java.sql.SQLNonTransientConnectionException: Public Key Retrieval is not allowed
	at com.mysql.cj.jdbc.exceptions.SQLError.createSQLException(SQLError.java:111) ~[mysql-connector-j-8.3.0.jar:8.3.0]
	at com.mysql.cj.jdbc.exceptions.SQLExceptionsMapping.translateException(SQLExceptionsMapping.java:122) ~[mysql-connector-j-8.3.0.jar:8.3.0]
	at com.mysql.cj.jdbc.ConnectionImpl.createNewIO(ConnectionImpl.java:815) ~[mysql-connector-j-8.3.0.jar:8.3.0]
	at com.mysql.cj.jdbc.ConnectionImpl.<init>(ConnectionImpl.java:438) ~[mysql-connector-j-8.3.0.jar:8.3.0]
	at com.mysql.cj.jdbc.ConnectionImpl.getInstance(ConnectionImpl.java:241) ~[mysql-connector-j-8.3.0.jar:8.3.0]
	at com.mysql.cj.jdbc.NonRegisteringDriver.connect(NonRegisteringDriver.java:189) ~[mysql-connector-j-8.3.0.jar:8.3.0]
	at com.zaxxer.hikari.util.DriverDataSource.getConnection(DriverDataSource.java:138) ~[HikariCP-5.0.1.jar:na]
	at com.zaxxer.hikari.pool.PoolBase.newConnection(PoolBase.java:359) ~[HikariCP-5.0.1.jar:na]
	at com.zaxxer.hikari.pool.PoolBase.newPoolEntry(PoolBase.java:201) ~[HikariCP-5.0.1.jar:na]
	at com.zaxxer.hikari.pool.HikariPool.createPoolEntry(HikariPool.java:470) ~[HikariCP-5.0.1.jar:na]
	at com.zaxxer.hikari.pool.HikariPool.checkFailFast(HikariPool.java:561) ~[HikariCP-5.0.1.jar:na]
	at com.zaxxer.hikari.pool.HikariPool.<init>(HikariPool.java:100) ~[HikariCP-5.0.1.jar:na]
	at com.zaxxer.hikari.HikariDataSource.getConnection(HikariDataSource.java:112) ~[HikariCP-5.0.1.jar:na]
	at org.springframework.jdbc.datasource.DataSourceUtils.fetchConnection(DataSourceUtils.java:160) ~[spring-jdbc-6.1.6.jar:6.1.6]
	at org.springframework.jdbc.datasource.DataSourceUtils.doGetConnection(DataSourceUtils.java:118) ~[spring-jdbc-6.1.6.jar:6.1.6]
	at org.springframework.jdbc.datasource.DataSourceUtils.getConnection(DataSourceUtils.java:81) ~[spring-jdbc-6.1.6.jar:6.1.6]
	at org.mybatis.spring.transaction.SpringManagedTransaction.openConnection(SpringManagedTransaction.java:80) ~[mybatis-spring-3.0.3.jar:3.0.3]
	at org.mybatis.spring.transaction.SpringManagedTransaction.getConnection(SpringManagedTransaction.java:67) ~[mybatis-spring-3.0.3.jar:3.0.3]
	at org.apache.ibatis.executor.BaseExecutor.getConnection(BaseExecutor.java:348) ~[mybatis-3.5.16.jar:3.5.16]
	at org.apache.ibatis.executor.SimpleExecutor.prepareStatement(SimpleExecutor.java:89) ~[mybatis-3.5.16.jar:3.5.16]
	at org.apache.ibatis.executor.SimpleExecutor.doQuery(SimpleExecutor.java:64) ~[mybatis-3.5.16.jar:3.5.16]
	at org.apache.ibatis.executor.BaseExecutor.queryFromDatabase(BaseExecutor.java:336) ~[mybatis-3.5.16.jar:3.5.16]
	at org.apache.ibatis.executor.BaseExecutor.query(BaseExecutor.java:158) ~[mybatis-3.5.16.jar:3.5.16]
	at org.apache.ibatis.executor.CachingExecutor.query(CachingExecutor.java:110) ~[mybatis-3.5.16.jar:3.5.16]
	at com.baomidou.mybatisplus.extension.plugins.MybatisPlusInterceptor.intercept(MybatisPlusInterceptor.java:81) ~[mybatis-plus-extension-3.5.7.jar:3.5.7]
	at org.apache.ibatis.plugin.Plugin.invoke(Plugin.java:59) ~[mybatis-3.5.16.jar:3.5.16]
	at jdk.proxy2/jdk.proxy2.$Proxy114.query(Unknown Source) ~[na:na]
	at org.apache.ibatis.session.defaults.DefaultSqlSession.selectList(DefaultSqlSession.java:154) ~[mybatis-3.5.16.jar:3.5.16]
	at org.apache.ibatis.session.defaults.DefaultSqlSession.selectList(DefaultSqlSession.java:147) ~[mybatis-3.5.16.jar:3.5.16]
	at org.apache.ibatis.session.defaults.DefaultSqlSession.selectList(DefaultSqlSession.java:142) ~[mybatis-3.5.16.jar:3.5.16]
	at org.apache.ibatis.session.defaults.DefaultSqlSession.selectOne(DefaultSqlSession.java:75) ~[mybatis-3.5.16.jar:3.5.16]
	at java.base/jdk.internal.reflect.DirectMethodHandleAccessor.invoke(DirectMethodHandleAccessor.java:103) ~[na:na]
	at java.base/java.lang.reflect.Method.invoke(Method.java:580) ~[na:na]
	at org.mybatis.spring.SqlSessionTemplate$SqlSessionInterceptor.invoke(SqlSessionTemplate.java:425) ~[mybatis-spring-3.0.3.jar:3.0.3]
	at jdk.proxy2/jdk.proxy2.$Proxy75.selectOne(Unknown Source) ~[na:na]
	at org.mybatis.spring.SqlSessionTemplate.selectOne(SqlSessionTemplate.java:160) ~[mybatis-spring-3.0.3.jar:3.0.3]
	at com.baomidou.mybatisplus.core.override.MybatisMapperMethod.execute(MybatisMapperMethod.java:87) ~[mybatis-plus-core-3.5.7.jar:3.5.7]
	at com.baomidou.mybatisplus.core.override.MybatisMapperProxy$PlainMethodInvoker.invoke(MybatisMapperProxy.java:152) ~[mybatis-plus-core-3.5.7.jar:3.5.7]
	at com.baomidou.mybatisplus.core.override.MybatisMapperProxy.invoke(MybatisMapperProxy.java:89) ~[mybatis-plus-core-3.5.7.jar:3.5.7]
	at jdk.proxy2/jdk.proxy2.$Proxy83.selectCount(Unknown Source) ~[na:na]
	at com.ccb.lighting.module.dashboard.controller.DashboardController.overview(DashboardController.java:71) ~[classes/:na]
	at java.base/jdk.internal.reflect.DirectMethodHandleAccessor.invoke(DirectMethodHandleAccessor.java:103) ~[na:na]
	at java.base/java.lang.reflect.Method.invoke(Method.java:580) ~[na:na]
	at org.springframework.web.method.support.InvocableHandlerMethod.doInvoke(InvocableHandlerMethod.java:255) ~[spring-web-6.1.6.jar:6.1.6]
	at org.springframework.web.method.support.InvocableHandlerMethod.invokeForRequest(InvocableHandlerMethod.java:188) ~[spring-web-6.1.6.jar:6.1.6]
	at org.springframework.web.servlet.mvc.method.annotation.ServletInvocableHandlerMethod.invokeAndHandle(ServletInvocableHandlerMethod.java:118) ~[spring-webmvc-6.1.6.jar:6.1.6]
	at org.springframework.web.servlet.mvc.method.annotation.RequestMappingHandlerAdapter.invokeHandlerMethod(RequestMappingHandlerAdapter.java:926) ~[spring-webmvc-6.1.6.jar:6.1.6]
	at org.springframework.web.servlet.mvc.method.annotation.RequestMappingHandlerAdapter.handleInternal(RequestMappingHandlerAdapter.java:831) ~[spring-webmvc-6.1.6.jar:6.1.6]
	at org.springframework.web.servlet.mvc.method.AbstractHandlerMethodAdapter.handle(AbstractHandlerMethodAdapter.java:87) ~[spring-webmvc-6.1.6.jar:6.1.6]
	at org.springframework.web.servlet.DispatcherServlet.doDispatch(DispatcherServlet.java:1089) ~[spring-webmvc-6.1.6.jar:6.1.6]
	at org.springframework.web.servlet.DispatcherServlet.doService(DispatcherServlet.java:979) ~[spring-webmvc-6.1.6.jar:6.1.6]
	at org.springframework.web.servlet.FrameworkServlet.processRequest(FrameworkServlet.java:1014) ~[spring-webmvc-6.1.6.jar:6.1.6]
	at org.springframework.web.servlet.FrameworkServlet.doGet(FrameworkServlet.java:903) ~[spring-webmvc-6.1.6.jar:6.1.6]
	at jakarta.servlet.http.HttpServlet.service(HttpServlet.java:564) ~[tomcat-embed-core-10.1.20.jar:6.0]
	at org.springframework.web.servlet.FrameworkServlet.service(FrameworkServlet.java:885) ~[spring-webmvc-6.1.6.jar:6.1.6]
	at jakarta.servlet.http.HttpServlet.service(HttpServlet.java:658) ~[tomcat-embed-core-10.1.20.jar:6.0]
	at org.apache.catalina.core.ApplicationFilterChain.internalDoFilter(ApplicationFilterChain.java:206) ~[tomcat-embed-core-10.1.20.jar:10.1.20]
	at org.apache.catalina.core.ApplicationFilterChain.doFilter(ApplicationFilterChain.java:150) ~[tomcat-embed-core-10.1.20.jar:10.1.20]
	at org.apache.tomcat.websocket.server.WsFilter.doFilter(WsFilter.java:51) ~[tomcat-embed-websocket-10.1.20.jar:10.1.20]
	at org.apache.catalina.core.ApplicationFilterChain.internalDoFilter(ApplicationFilterChain.java:175) ~[tomcat-embed-core-10.1.20.jar:10.1.20]
	at org.apache.catalina.core.ApplicationFilterChain.doFilter(ApplicationFilterChain.java:150) ~[tomcat-embed-core-10.1.20.jar:10.1.20]
	at org.springframework.web.filter.RequestContextFilter.doFilterInternal(RequestContextFilter.java:100) ~[spring-web-6.1.6.jar:6.1.6]
	at org.springframework.web.filter.OncePerRequestFilter.doFilter(OncePerRequestFilter.java:116) ~[spring-web-6.1.6.jar:6.1.6]
	at org.apache.catalina.core.ApplicationFilterChain.internalDoFilter(ApplicationFilterChain.java:175) ~[tomcat-embed-core-10.1.20.jar:10.1.20]
	at org.apache.catalina.core.ApplicationFilterChain.doFilter(ApplicationFilterChain.java:150) ~[tomcat-embed-core-10.1.20.jar:10.1.20]
	at org.springframework.web.filter.FormContentFilter.doFilterInternal(FormContentFilter.java:93) ~[spring-web-6.1.6.jar:6.1.6]
	at org.springframework.web.filter.OncePerRequestFilter.doFilter(OncePerRequestFilter.java:116) ~[spring-web-6.1.6.jar:6.1.6]
	at org.apache.catalina.core.ApplicationFilterChain.internalDoFilter(ApplicationFilterChain.java:175) ~[tomcat-embed-core-10.1.20.jar:10.1.20]
	at org.apache.catalina.core.ApplicationFilterChain.doFilter(ApplicationFilterChain.java:150) ~[tomcat-embed-core-10.1.20.jar:10.1.20]
	at org.springframework.web.filter.CharacterEncodingFilter.doFilterInternal(CharacterEncodingFilter.java:201) ~[spring-web-6.1.6.jar:6.1.6]
	at org.springframework.web.filter.OncePerRequestFilter.doFilter(OncePerRequestFilter.java:116) ~[spring-web-6.1.6.jar:6.1.6]
	at org.apache.catalina.core.ApplicationFilterChain.internalDoFilter(ApplicationFilterChain.java:175) ~[tomcat-embed-core-10.1.20.jar:10.1.20]
	at org.apache.catalina.core.ApplicationFilterChain.doFilter(ApplicationFilterChain.java:150) ~[tomcat-embed-core-10.1.20.jar:10.1.20]
	at org.apache.catalina.core.StandardWrapperValve.invoke(StandardWrapperValve.java:167) ~[tomcat-embed-core-10.1.20.jar:10.1.20]
	at org.apache.catalina.core.StandardContextValve.invoke(StandardContextValve.java:90) ~[tomcat-embed-core-10.1.20.jar:10.1.20]
	at org.apache.catalina.authenticator.AuthenticatorBase.invoke(AuthenticatorBase.java:482) ~[tomcat-embed-core-10.1.20.jar:10.1.20]
	at org.apache.catalina.core.StandardHostValve.invoke(StandardHostValve.java:115) ~[tomcat-embed-core-10.1.20.jar:10.1.20]
	at org.apache.catalina.valves.ErrorReportValve.invoke(ErrorReportValve.java:93) ~[tomcat-embed-core-10.1.20.jar:10.1.20]
	at org.apache.catalina.core.StandardEngineValve.invoke(StandardEngineValve.java:74) ~[tomcat-embed-core-10.1.20.jar:10.1.20]
	at org.apache.catalina.connector.CoyoteAdapter.service(CoyoteAdapter.java:344) ~[tomcat-embed-core-10.1.20.jar:10.1.20]
	at org.apache.coyote.http11.Http11Processor.service(Http11Processor.java:391) ~[tomcat-embed-core-10.1.20.jar:10.1.20]
	at org.apache.coyote.AbstractProcessorLight.process(AbstractProcessorLight.java:63) ~[tomcat-embed-core-10.1.20.jar:10.1.20]
	at org.apache.coyote.AbstractProtocol$ConnectionHandler.process(AbstractProtocol.java:896) ~[tomcat-embed-core-10.1.20.jar:10.1.20]
	at org.apache.tomcat.util.net.NioEndpoint$SocketProcessor.doRun(NioEndpoint.java:1736) ~[tomcat-embed-core-10.1.20.jar:10.1.20]
	at org.apache.tomcat.util.net.SocketProcessorBase.run(SocketProcessorBase.java:52) ~[tomcat-embed-core-10.1.20.jar:10.1.20]
	at org.apache.tomcat.util.threads.ThreadPoolExecutor.runWorker(ThreadPoolExecutor.java:1191) ~[tomcat-embed-core-10.1.20.jar:10.1.20]
	at org.apache.tomcat.util.threads.ThreadPoolExecutor$Worker.run(ThreadPoolExecutor.java:659) ~[tomcat-embed-core-10.1.20.jar:10.1.20]
	at org.apache.tomcat.util.threads.TaskThread$WrappingRunnable.run(TaskThread.java:63) ~[tomcat-embed-core-10.1.20.jar:10.1.20]
	at java.base/java.lang.Thread.run(Thread.java:1575) ~[na:na]
Caused by: com.mysql.cj.exceptions.UnableToConnectException: Public Key Retrieval is not allowed
	at java.base/jdk.internal.reflect.DirectConstructorHandleAccessor.newInstance(DirectConstructorHandleAccessor.java:62) ~[na:na]
	at java.base/java.lang.reflect.Constructor.newInstanceWithCaller(Constructor.java:501) ~[na:na]
	at java.base/java.lang.reflect.Constructor.newInstance(Constructor.java:485) ~[na:na]
	at com.mysql.cj.exceptions.ExceptionFactory.createException(ExceptionFactory.java:61) ~[mysql-connector-j-8.3.0.jar:8.3.0]
	at com.mysql.cj.exceptions.ExceptionFactory.createException(ExceptionFactory.java:85) ~[mysql-connector-j-8.3.0.jar:8.3.0]
	at com.mysql.cj.protocol.a.authentication.CachingSha2PasswordPlugin.nextAuthenticationStep(CachingSha2PasswordPlugin.java:131) ~[mysql-connector-j-8.3.0.jar:8.3.0]
	at com.mysql.cj.protocol.a.authentication.CachingSha2PasswordPlugin.nextAuthenticationStep(CachingSha2PasswordPlugin.java:49) ~[mysql-connector-j-8.3.0.jar:8.3.0]
	at com.mysql.cj.protocol.a.NativeAuthenticationProvider.proceedHandshakeWithPluggableAuthentication(NativeAuthenticationProvider.java:446) ~[mysql-connector-j-8.3.0.jar:8.3.0]
	at com.mysql.cj.protocol.a.NativeAuthenticationProvider.connect(NativeAuthenticationProvider.java:215) ~[mysql-connector-j-8.3.0.jar:8.3.0]
	at com.mysql.cj.protocol.a.NativeProtocol.connect(NativeProtocol.java:1428) ~[mysql-connector-j-8.3.0.jar:8.3.0]
	at com.mysql.cj.NativeSession.connect(NativeSession.java:133) ~[mysql-connector-j-8.3.0.jar:8.3.0]
	at com.mysql.cj.jdbc.ConnectionImpl.connectOneTryOnly(ConnectionImpl.java:935) ~[mysql-connector-j-8.3.0.jar:8.3.0]
	at com.mysql.cj.jdbc.ConnectionImpl.createNewIO(ConnectionImpl.java:805) ~[mysql-connector-j-8.3.0.jar:8.3.0]
	... 86 common frames omitted

2026-07-23T09:21:00.618+08:00 ERROR 24644 --- [http-nio-8080-exec-5] c.c.l.common.GlobalExceptionHandler      : 系统异常: 

org.mybatis.spring.MyBatisSystemException: null
	at org.mybatis.spring.MyBatisExceptionTranslator.translateExceptionIfPossible(MyBatisExceptionTranslator.java:97) ~[mybatis-spring-3.0.3.jar:3.0.3]
	at org.mybatis.spring.SqlSessionTemplate$SqlSessionInterceptor.invoke(SqlSessionTemplate.java:439) ~[mybatis-spring-3.0.3.jar:3.0.3]
	at jdk.proxy2/jdk.proxy2.$Proxy75.selectOne(Unknown Source) ~[na:na]
	at org.mybatis.spring.SqlSessionTemplate.selectOne(SqlSessionTemplate.java:160) ~[mybatis-spring-3.0.3.jar:3.0.3]
	at com.baomidou.mybatisplus.core.override.MybatisMapperMethod.execute(MybatisMapperMethod.java:87) ~[mybatis-plus-core-3.5.7.jar:3.5.7]
	at com.baomidou.mybatisplus.core.override.MybatisMapperProxy$PlainMethodInvoker.invoke(MybatisMapperProxy.java:152) ~[mybatis-plus-core-3.5.7.jar:3.5.7]
	at com.baomidou.mybatisplus.core.override.MybatisMapperProxy.invoke(MybatisMapperProxy.java:89) ~[mybatis-plus-core-3.5.7.jar:3.5.7]
	at jdk.proxy2/jdk.proxy2.$Proxy83.selectCount(Unknown Source) ~[na:na]
	at com.ccb.lighting.module.dashboard.controller.DashboardController.overview(DashboardController.java:71) ~[classes/:na]
	at java.base/jdk.internal.reflect.DirectMethodHandleAccessor.invoke(DirectMethodHandleAccessor.java:103) ~[na:na]
	at java.base/java.lang.reflect.Method.invoke(Method.java:580) ~[na:na]
	at org.springframework.web.method.support.InvocableHandlerMethod.doInvoke(InvocableHandlerMethod.java:255) ~[spring-web-6.1.6.jar:6.1.6]
	at org.springframework.web.method.support.InvocableHandlerMethod.invokeForRequest(InvocableHandlerMethod.java:188) ~[spring-web-6.1.6.jar:6.1.6]
	at org.springframework.web.servlet.mvc.method.annotation.ServletInvocableHandlerMethod.invokeAndHandle(ServletInvocableHandlerMethod.java:118) ~[spring-webmvc-6.1.6.jar:6.1.6]
	at org.springframework.web.servlet.mvc.method.annotation.RequestMappingHandlerAdapter.invokeHandlerMethod(RequestMappingHandlerAdapter.java:926) ~[spring-webmvc-6.1.6.jar:6.1.6]
	at org.springframework.web.servlet.mvc.method.annotation.RequestMappingHandlerAdapter.handleInternal(RequestMappingHandlerAdapter.java:831) ~[spring-webmvc-6.1.6.jar:6.1.6]
	at org.springframework.web.servlet.mvc.method.AbstractHandlerMethodAdapter.handle(AbstractHandlerMethodAdapter.java:87) ~[spring-webmvc-6.1.6.jar:6.1.6]
	at org.springframework.web.servlet.DispatcherServlet.doDispatch(DispatcherServlet.java:1089) ~[spring-webmvc-6.1.6.jar:6.1.6]
	at org.springframework.web.servlet.DispatcherServlet.doService(DispatcherServlet.java:979) ~[spring-webmvc-6.1.6.jar:6.1.6]
	at org.springframework.web.servlet.FrameworkServlet.processRequest(FrameworkServlet.java:1014) ~[spring-webmvc-6.1.6.jar:6.1.6]
	at org.springframework.web.servlet.FrameworkServlet.doGet(FrameworkServlet.java:903) ~[spring-webmvc-6.1.6.jar:6.1.6]
	at jakarta.servlet.http.HttpServlet.service(HttpServlet.java:564) ~[tomcat-embed-core-10.1.20.jar:6.0]
	at org.springframework.web.servlet.FrameworkServlet.service(FrameworkServlet.java:885) ~[spring-webmvc-6.1.6.jar:6.1.6]
	at jakarta.servlet.http.HttpServlet.service(HttpServlet.java:658) ~[tomcat-embed-core-10.1.20.jar:6.0]
	at org.apache.catalina.core.ApplicationFilterChain.internalDoFilter(ApplicationFilterChain.java:206) ~[tomcat-embed-core-10.1.20.jar:10.1.20]
	at org.apache.catalina.core.ApplicationFilterChain.doFilter(ApplicationFilterChain.java:150) ~[tomcat-embed-core-10.1.20.jar:10.1.20]
	at org.apache.tomcat.websocket.server.WsFilter.doFilter(WsFilter.java:51) ~[tomcat-embed-websocket-10.1.20.jar:10.1.20]
	at org.apache.catalina.core.ApplicationFilterChain.internalDoFilter(ApplicationFilterChain.java:175) ~[tomcat-embed-core-10.1.20.jar:10.1.20]
	at org.apache.catalina.core.ApplicationFilterChain.doFilter(ApplicationFilterChain.java:150) ~[tomcat-embed-core-10.1.20.jar:10.1.20]
	at org.springframework.web.filter.RequestContextFilter.doFilterInternal(RequestContextFilter.java:100) ~[spring-web-6.1.6.jar:6.1.6]
	at org.springframework.web.filter.OncePerRequestFilter.doFilter(OncePerRequestFilter.java:116) ~[spring-web-6.1.6.jar:6.1.6]
	at org.apache.catalina.core.ApplicationFilterChain.internalDoFilter(ApplicationFilterChain.java:175) ~[tomcat-embed-core-10.1.20.jar:10.1.20]
	at org.apache.catalina.core.ApplicationFilterChain.doFilter(ApplicationFilterChain.java:150) ~[tomcat-embed-core-10.1.20.jar:10.1.20]
	at org.springframework.web.filter.FormContentFilter.doFilterInternal(FormContentFilter.java:93) ~[spring-web-6.1.6.jar:6.1.6]
	at org.springframework.web.filter.OncePerRequestFilter.doFilter(OncePerRequestFilter.java:116) ~[spring-web-6.1.6.jar:6.1.6]
	at org.apache.catalina.core.ApplicationFilterChain.internalDoFilter(ApplicationFilterChain.java:175) ~[tomcat-embed-core-10.1.20.jar:10.1.20]
	at org.apache.catalina.core.ApplicationFilterChain.doFilter(ApplicationFilterChain.java:150) ~[tomcat-embed-core-10.1.20.jar:10.1.20]
	at org.springframework.web.filter.CharacterEncodingFilter.doFilterInternal(CharacterEncodingFilter.java:201) ~[spring-web-6.1.6.jar:6.1.6]
	at org.springframework.web.filter.OncePerRequestFilter.doFilter(OncePerRequestFilter.java:116) ~[spring-web-6.1.6.jar:6.1.6]
	at org.apache.catalina.core.ApplicationFilterChain.internalDoFilter(ApplicationFilterChain.java:175) ~[tomcat-embed-core-10.1.20.jar:10.1.20]
	at org.apache.catalina.core.ApplicationFilterChain.doFilter(ApplicationFilterChain.java:150) ~[tomcat-embed-core-10.1.20.jar:10.1.20]
	at org.apache.catalina.core.StandardWrapperValve.invoke(StandardWrapperValve.java:167) ~[tomcat-embed-core-10.1.20.jar:10.1.20]
	at org.apache.catalina.core.StandardContextValve.invoke(StandardContextValve.java:90) ~[tomcat-embed-core-10.1.20.jar:10.1.20]
	at org.apache.catalina.authenticator.AuthenticatorBase.invoke(AuthenticatorBase.java:482) ~[tomcat-embed-core-10.1.20.jar:10.1.20]
	at org.apache.catalina.core.StandardHostValve.invoke(StandardHostValve.java:115) ~[tomcat-embed-core-10.1.20.jar:10.1.20]
	at org.apache.catalina.valves.ErrorReportValve.invoke(ErrorReportValve.java:93) ~[tomcat-embed-core-10.1.20.jar:10.1.20]
	at org.apache.catalina.core.StandardEngineValve.invoke(StandardEngineValve.java:74) ~[tomcat-embed-core-10.1.20.jar:10.1.20]
	at org.apache.catalina.connector.CoyoteAdapter.service(CoyoteAdapter.java:344) ~[tomcat-embed-core-10.1.20.jar:10.1.20]
	at org.apache.coyote.http11.Http11Processor.service(Http11Processor.java:391) ~[tomcat-embed-core-10.1.20.jar:10.1.20]
	at org.apache.coyote.AbstractProcessorLight.process(AbstractProcessorLight.java:63) ~[tomcat-embed-core-10.1.20.jar:10.1.20]
	at org.apache.coyote.AbstractProtocol$ConnectionHandler.process(AbstractProtocol.java:896) ~[tomcat-embed-core-10.1.20.jar:10.1.20]
	at org.apache.tomcat.util.net.NioEndpoint$SocketProcessor.doRun(NioEndpoint.java:1736) ~[tomcat-embed-core-10.1.20.jar:10.1.20]
	at org.apache.tomcat.util.net.SocketProcessorBase.run(SocketProcessorBase.java:52) ~[tomcat-embed-core-10.1.20.jar:10.1.20]
	at org.apache.tomcat.util.threads.ThreadPoolExecutor.runWorker(ThreadPoolExecutor.java:1191) ~[tomcat-embed-core-10.1.20.jar:10.1.20]
	at org.apache.tomcat.util.threads.ThreadPoolExecutor$Worker.run(ThreadPoolExecutor.java:659) ~[tomcat-embed-core-10.1.20.jar:10.1.20]
	at org.apache.tomcat.util.threads.TaskThread$WrappingRunnable.run(TaskThread.java:63) ~[tomcat-embed-core-10.1.20.jar:10.1.20]
	at java.base/java.lang.Thread.run(Thread.java:1575) ~[na:na]
Caused by: org.apache.ibatis.exceptions.PersistenceException: 
### Error querying database.  Cause: org.springframework.jdbc.CannotGetJdbcConnectionException: Failed to obtain JDBC Connection
### The error may exist in com/ccb/lighting/module/device/mapper/DevDeviceMapper.java (best guess)
### The error may involve com.ccb.lighting.module.device.mapper.DevDeviceMapper.selectCount
### The error occurred while executing a query
### Cause: org.springframework.jdbc.CannotGetJdbcConnectionException: Failed to obtain JDBC Connection
	at org.apache.ibatis.exceptions.ExceptionFactory.wrapException(ExceptionFactory.java:30) ~[mybatis-3.5.16.jar:3.5.16]
	at org.apache.ibatis.session.defaults.DefaultSqlSession.selectList(DefaultSqlSession.java:156) ~[mybatis-3.5.16.jar:3.5.16]
	at org.apache.ibatis.session.defaults.DefaultSqlSession.selectList(DefaultSqlSession.java:147) ~[mybatis-3.5.16.jar:3.5.16]
	at org.apache.ibatis.session.defaults.DefaultSqlSession.selectList(DefaultSqlSession.java:142) ~[mybatis-3.5.16.jar:3.5.16]
	at org.apache.ibatis.session.defaults.DefaultSqlSession.selectOne(DefaultSqlSession.java:75) ~[mybatis-3.5.16.jar:3.5.16]
	at java.base/jdk.internal.reflect.DirectMethodHandleAccessor.invoke(DirectMethodHandleAccessor.java:103) ~[na:na]
	at java.base/java.lang.reflect.Method.invoke(Method.java:580) ~[na:na]
	at org.mybatis.spring.SqlSessionTemplate$SqlSessionInterceptor.invoke(SqlSessionTemplate.java:425) ~[mybatis-spring-3.0.3.jar:3.0.3]
	... 55 common frames omitted
Caused by: org.springframework.jdbc.CannotGetJdbcConnectionException: Failed to obtain JDBC Connection
	at org.springframework.jdbc.datasource.DataSourceUtils.getConnection(DataSourceUtils.java:84) ~[spring-jdbc-6.1.6.jar:6.1.6]
	at org.mybatis.spring.transaction.SpringManagedTransaction.openConnection(SpringManagedTransaction.java:80) ~[mybatis-spring-3.0.3.jar:3.0.3]
	at org.mybatis.spring.transaction.SpringManagedTransaction.getConnection(SpringManagedTransaction.java:67) ~[mybatis-spring-3.0.3.jar:3.0.3]
	at org.apache.ibatis.executor.BaseExecutor.getConnection(BaseExecutor.java:348) ~[mybatis-3.5.16.jar:3.5.16]
	at org.apache.ibatis.executor.SimpleExecutor.prepareStatement(SimpleExecutor.java:89) ~[mybatis-3.5.16.jar:3.5.16]
	at org.apache.ibatis.executor.SimpleExecutor.doQuery(SimpleExecutor.java:64) ~[mybatis-3.5.16.jar:3.5.16]
	at org.apache.ibatis.executor.BaseExecutor.queryFromDatabase(BaseExecutor.java:336) ~[mybatis-3.5.16.jar:3.5.16]
	at org.apache.ibatis.executor.BaseExecutor.query(BaseExecutor.java:158) ~[mybatis-3.5.16.jar:3.5.16]
	at org.apache.ibatis.executor.CachingExecutor.query(CachingExecutor.java:110) ~[mybatis-3.5.16.jar:3.5.16]
	at com.baomidou.mybatisplus.extension.plugins.MybatisPlusInterceptor.intercept(MybatisPlusInterceptor.java:81) ~[mybatis-plus-extension-3.5.7.jar:3.5.7]
	at org.apache.ibatis.plugin.Plugin.invoke(Plugin.java:59) ~[mybatis-3.5.16.jar:3.5.16]
	at jdk.proxy2/jdk.proxy2.$Proxy114.query(Unknown Source) ~[na:na]
	at org.apache.ibatis.session.defaults.DefaultSqlSession.selectList(DefaultSqlSession.java:154) ~[mybatis-3.5.16.jar:3.5.16]
	... 61 common frames omitted
Caused by: java.sql.SQLNonTransientConnectionException: Public Key Retrieval is not allowed
	at com.mysql.cj.jdbc.exceptions.SQLError.createSQLException(SQLError.java:111) ~[mysql-connector-j-8.3.0.jar:8.3.0]
	at com.mysql.cj.jdbc.exceptions.SQLExceptionsMapping.translateException(SQLExceptionsMapping.java:122) ~[mysql-connector-j-8.3.0.jar:8.3.0]
	at com.mysql.cj.jdbc.ConnectionImpl.createNewIO(ConnectionImpl.java:815) ~[mysql-connector-j-8.3.0.jar:8.3.0]
	at com.mysql.cj.jdbc.ConnectionImpl.<init>(ConnectionImpl.java:438) ~[mysql-connector-j-8.3.0.jar:8.3.0]
	at com.mysql.cj.jdbc.ConnectionImpl.getInstance(ConnectionImpl.java:241) ~[mysql-connector-j-8.3.0.jar:8.3.0]
	at com.mysql.cj.jdbc.NonRegisteringDriver.connect(NonRegisteringDriver.java:189) ~[mysql-connector-j-8.3.0.jar:8.3.0]
	at com.zaxxer.hikari.util.DriverDataSource.getConnection(DriverDataSource.java:138) ~[HikariCP-5.0.1.jar:na]
	at com.zaxxer.hikari.pool.PoolBase.newConnection(PoolBase.java:359) ~[HikariCP-5.0.1.jar:na]
	at com.zaxxer.hikari.pool.PoolBase.newPoolEntry(PoolBase.java:201) ~[HikariCP-5.0.1.jar:na]
	at com.zaxxer.hikari.pool.HikariPool.createPoolEntry(HikariPool.java:470) ~[HikariCP-5.0.1.jar:na]
	at com.zaxxer.hikari.pool.HikariPool.checkFailFast(HikariPool.java:561) ~[HikariCP-5.0.1.jar:na]
	at com.zaxxer.hikari.pool.HikariPool.<init>(HikariPool.java:100) ~[HikariCP-5.0.1.jar:na]
	at com.zaxxer.hikari.HikariDataSource.getConnection(HikariDataSource.java:112) ~[HikariCP-5.0.1.jar:na]
	at org.springframework.jdbc.datasource.DataSourceUtils.fetchConnection(DataSourceUtils.java:160) ~[spring-jdbc-6.1.6.jar:6.1.6]
	at org.springframework.jdbc.datasource.DataSourceUtils.doGetConnection(DataSourceUtils.java:118) ~[spring-jdbc-6.1.6.jar:6.1.6]
	at org.springframework.jdbc.datasource.DataSourceUtils.getConnection(DataSourceUtils.java:81) ~[spring-jdbc-6.1.6.jar:6.1.6]
	... 73 common frames omitted
Caused by: com.mysql.cj.exceptions.UnableToConnectException: Public Key Retrieval is not allowed
	at java.base/jdk.internal.reflect.DirectConstructorHandleAccessor.newInstance(DirectConstructorHandleAccessor.java:62) ~[na:na]
	at java.base/java.lang.reflect.Constructor.newInstanceWithCaller(Constructor.java:501) ~[na:na]
	at java.base/java.lang.reflect.Constructor.newInstance(Constructor.java:485) ~[na:na]
	at com.mysql.cj.exceptions.ExceptionFactory.createException(ExceptionFactory.java:61) ~[mysql-connector-j-8.3.0.jar:8.3.0]
	at com.mysql.cj.exceptions.ExceptionFactory.createException(ExceptionFactory.java:85) ~[mysql-connector-j-8.3.0.jar:8.3.0]
	at com.mysql.cj.protocol.a.authentication.CachingSha2PasswordPlugin.nextAuthenticationStep(CachingSha2PasswordPlugin.java:131) ~[mysql-connector-j-8.3.0.jar:8.3.0]
	at com.mysql.cj.protocol.a.authentication.CachingSha2PasswordPlugin.nextAuthenticationStep(CachingSha2PasswordPlugin.java:49) ~[mysql-connector-j-8.3.0.jar:8.3.0]
	at com.mysql.cj.protocol.a.NativeAuthenticationProvider.proceedHandshakeWithPluggableAuthentication(NativeAuthenticationProvider.java:446) ~[mysql-connector-j-8.3.0.jar:8.3.0]
	at com.mysql.cj.protocol.a.NativeAuthenticationProvider.connect(NativeAuthenticationProvider.java:215) ~[mysql-connector-j-8.3.0.jar:8.3.0]
	at com.mysql.cj.protocol.a.NativeProtocol.connect(NativeProtocol.java:1428) ~[mysql-connector-j-8.3.0.jar:8.3.0]
	at com.mysql.cj.NativeSession.connect(NativeSession.java:133) ~[mysql-connector-j-8.3.0.jar:8.3.0]
	at com.mysql.cj.jdbc.ConnectionImpl.connectOneTryOnly(ConnectionImpl.java:935) ~[mysql-connector-j-8.3.0.jar:8.3.0]
	at com.mysql.cj.jdbc.ConnectionImpl.createNewIO(ConnectionImpl.java:805) ~[mysql-connector-j-8.3.0.jar:8.3.0]
	... 86 common frames omitted

2026-07-23T09:21:00.782+08:00  INFO 24644 --- [http-nio-8080-exec-7] com.zaxxer.hikari.HikariDataSource       : HikariPool-1 - Starting...
2026-07-23T09:21:01.798+08:00 ERROR 24644 --- [http-nio-8080-exec-7] com.zaxxer.hikari.pool.HikariPool        : HikariPool-1 - Exception during pool initialization.

java.sql.SQLNonTransientConnectionException: Public Key Retrieval is not allowed
	at com.mysql.cj.jdbc.exceptions.SQLError.createSQLException(SQLError.java:111) ~[mysql-connector-j-8.3.0.jar:8.3.0]
	at com.mysql.cj.jdbc.exceptions.SQLExceptionsMapping.translateException(SQLExceptionsMapping.java:122) ~[mysql-connector-j-8.3.0.jar:8.3.0]
	at com.mysql.cj.jdbc.ConnectionImpl.createNewIO(ConnectionImpl.java:815) ~[mysql-connector-j-8.3.0.jar:8.3.0]
	at com.mysql.cj.jdbc.ConnectionImpl.<init>(ConnectionImpl.java:438) ~[mysql-connector-j-8.3.0.jar:8.3.0]
	at com.mysql.cj.jdbc.ConnectionImpl.getInstance(ConnectionImpl.java:241) ~[mysql-connector-j-8.3.0.jar:8.3.0]
	at com.mysql.cj.jdbc.NonRegisteringDriver.connect(NonRegisteringDriver.java:189) ~[mysql-connector-j-8.3.0.jar:8.3.0]
	at com.zaxxer.hikari.util.DriverDataSource.getConnection(DriverDataSource.java:138) ~[HikariCP-5.0.1.jar:na]
	at com.zaxxer.hikari.pool.PoolBase.newConnection(PoolBase.java:359) ~[HikariCP-5.0.1.jar:na]
	at com.zaxxer.hikari.pool.PoolBase.newPoolEntry(PoolBase.java:201) ~[HikariCP-5.0.1.jar:na]
	at com.zaxxer.hikari.pool.HikariPool.createPoolEntry(HikariPool.java:470) ~[HikariCP-5.0.1.jar:na]
	at com.zaxxer.hikari.pool.HikariPool.checkFailFast(HikariPool.java:561) ~[HikariCP-5.0.1.jar:na]
	at com.zaxxer.hikari.pool.HikariPool.<init>(HikariPool.java:100) ~[HikariCP-5.0.1.jar:na]
	at com.zaxxer.hikari.HikariDataSource.getConnection(HikariDataSource.java:112) ~[HikariCP-5.0.1.jar:na]
	at org.springframework.jdbc.datasource.DataSourceUtils.fetchConnection(DataSourceUtils.java:160) ~[spring-jdbc-6.1.6.jar:6.1.6]
	at org.springframework.jdbc.datasource.DataSourceUtils.doGetConnection(DataSourceUtils.java:118) ~[spring-jdbc-6.1.6.jar:6.1.6]
	at org.springframework.jdbc.datasource.DataSourceUtils.getConnection(DataSourceUtils.java:81) ~[spring-jdbc-6.1.6.jar:6.1.6]
	at org.mybatis.spring.transaction.SpringManagedTransaction.openConnection(SpringManagedTransaction.java:80) ~[mybatis-spring-3.0.3.jar:3.0.3]
	at org.mybatis.spring.transaction.SpringManagedTransaction.getConnection(SpringManagedTransaction.java:67) ~[mybatis-spring-3.0.3.jar:3.0.3]
	at org.apache.ibatis.executor.BaseExecutor.getConnection(BaseExecutor.java:348) ~[mybatis-3.5.16.jar:3.5.16]
	at org.apache.ibatis.executor.SimpleExecutor.prepareStatement(SimpleExecutor.java:89) ~[mybatis-3.5.16.jar:3.5.16]
	at org.apache.ibatis.executor.SimpleExecutor.doQuery(SimpleExecutor.java:64) ~[mybatis-3.5.16.jar:3.5.16]
	at org.apache.ibatis.executor.BaseExecutor.queryFromDatabase(BaseExecutor.java:336) ~[mybatis-3.5.16.jar:3.5.16]
	at org.apache.ibatis.executor.BaseExecutor.query(BaseExecutor.java:158) ~[mybatis-3.5.16.jar:3.5.16]
	at org.apache.ibatis.executor.CachingExecutor.query(CachingExecutor.java:110) ~[mybatis-3.5.16.jar:3.5.16]
	at com.baomidou.mybatisplus.extension.plugins.MybatisPlusInterceptor.intercept(MybatisPlusInterceptor.java:81) ~[mybatis-plus-extension-3.5.7.jar:3.5.7]
	at org.apache.ibatis.plugin.Plugin.invoke(Plugin.java:59) ~[mybatis-3.5.16.jar:3.5.16]
	at jdk.proxy2/jdk.proxy2.$Proxy114.query(Unknown Source) ~[na:na]
	at org.apache.ibatis.session.defaults.DefaultSqlSession.selectList(DefaultSqlSession.java:154) ~[mybatis-3.5.16.jar:3.5.16]
	at org.apache.ibatis.session.defaults.DefaultSqlSession.selectList(DefaultSqlSession.java:147) ~[mybatis-3.5.16.jar:3.5.16]
	at org.apache.ibatis.session.defaults.DefaultSqlSession.selectList(DefaultSqlSession.java:142) ~[mybatis-3.5.16.jar:3.5.16]
	at java.base/jdk.internal.reflect.DirectMethodHandleAccessor.invoke(DirectMethodHandleAccessor.java:103) ~[na:na]
	at java.base/java.lang.reflect.Method.invoke(Method.java:580) ~[na:na]
	at org.mybatis.spring.SqlSessionTemplate$SqlSessionInterceptor.invoke(SqlSessionTemplate.java:425) ~[mybatis-spring-3.0.3.jar:3.0.3]
	at jdk.proxy2/jdk.proxy2.$Proxy75.selectList(Unknown Source) ~[na:na]
	at org.mybatis.spring.SqlSessionTemplate.selectList(SqlSessionTemplate.java:224) ~[mybatis-spring-3.0.3.jar:3.0.3]
	at com.baomidou.mybatisplus.core.override.MybatisMapperMethod.executeForMany(MybatisMapperMethod.java:164) ~[mybatis-plus-core-3.5.7.jar:3.5.7]
	at com.baomidou.mybatisplus.core.override.MybatisMapperMethod.execute(MybatisMapperMethod.java:77) ~[mybatis-plus-core-3.5.7.jar:3.5.7]
	at com.baomidou.mybatisplus.core.override.MybatisMapperProxy$PlainMethodInvoker.invoke(MybatisMapperProxy.java:152) ~[mybatis-plus-core-3.5.7.jar:3.5.7]
	at com.baomidou.mybatisplus.core.override.MybatisMapperProxy.invoke(MybatisMapperProxy.java:89) ~[mybatis-plus-core-3.5.7.jar:3.5.7]
	at jdk.proxy2/jdk.proxy2.$Proxy87.selectList(Unknown Source) ~[na:na]
	at com.ccb.lighting.module.device.service.impl.DevPoleServiceImpl.list(DevPoleServiceImpl.java:138) ~[classes/:na]
	at com.ccb.lighting.module.device.controller.DevPoleController.list(DevPoleController.java:75) ~[classes/:na]
	at java.base/jdk.internal.reflect.DirectMethodHandleAccessor.invoke(DirectMethodHandleAccessor.java:103) ~[na:na]
	at java.base/java.lang.reflect.Method.invoke(Method.java:580) ~[na:na]
	at org.springframework.web.method.support.InvocableHandlerMethod.doInvoke(InvocableHandlerMethod.java:255) ~[spring-web-6.1.6.jar:6.1.6]
	at org.springframework.web.method.support.InvocableHandlerMethod.invokeForRequest(InvocableHandlerMethod.java:188) ~[spring-web-6.1.6.jar:6.1.6]
	at org.springframework.web.servlet.mvc.method.annotation.ServletInvocableHandlerMethod.invokeAndHandle(ServletInvocableHandlerMethod.java:118) ~[spring-webmvc-6.1.6.jar:6.1.6]
	at org.springframework.web.servlet.mvc.method.annotation.RequestMappingHandlerAdapter.invokeHandlerMethod(RequestMappingHandlerAdapter.java:926) ~[spring-webmvc-6.1.6.jar:6.1.6]
	at org.springframework.web.servlet.mvc.method.annotation.RequestMappingHandlerAdapter.handleInternal(RequestMappingHandlerAdapter.java:831) ~[spring-webmvc-6.1.6.jar:6.1.6]
	at org.springframework.web.servlet.mvc.method.AbstractHandlerMethodAdapter.handle(AbstractHandlerMethodAdapter.java:87) ~[spring-webmvc-6.1.6.jar:6.1.6]
	at org.springframework.web.servlet.DispatcherServlet.doDispatch(DispatcherServlet.java:1089) ~[spring-webmvc-6.1.6.jar:6.1.6]
	at org.springframework.web.servlet.DispatcherServlet.doService(DispatcherServlet.java:979) ~[spring-webmvc-6.1.6.jar:6.1.6]
	at org.springframework.web.servlet.FrameworkServlet.processRequest(FrameworkServlet.java:1014) ~[spring-webmvc-6.1.6.jar:6.1.6]
	at org.springframework.web.servlet.FrameworkServlet.doGet(FrameworkServlet.java:903) ~[spring-webmvc-6.1.6.jar:6.1.6]
	at jakarta.servlet.http.HttpServlet.service(HttpServlet.java:564) ~[tomcat-embed-core-10.1.20.jar:6.0]
	at org.springframework.web.servlet.FrameworkServlet.service(FrameworkServlet.java:885) ~[spring-webmvc-6.1.6.jar:6.1.6]
	at jakarta.servlet.http.HttpServlet.service(HttpServlet.java:658) ~[tomcat-embed-core-10.1.20.jar:6.0]
	at org.apache.catalina.core.ApplicationFilterChain.internalDoFilter(ApplicationFilterChain.java:206) ~[tomcat-embed-core-10.1.20.jar:10.1.20]
	at org.apache.catalina.core.ApplicationFilterChain.doFilter(ApplicationFilterChain.java:150) ~[tomcat-embed-core-10.1.20.jar:10.1.20]
	at org.apache.tomcat.websocket.server.WsFilter.doFilter(WsFilter.java:51) ~[tomcat-embed-websocket-10.1.20.jar:10.1.20]
	at org.apache.catalina.core.ApplicationFilterChain.internalDoFilter(ApplicationFilterChain.java:175) ~[tomcat-embed-core-10.1.20.jar:10.1.20]
	at org.apache.catalina.core.ApplicationFilterChain.doFilter(ApplicationFilterChain.java:150) ~[tomcat-embed-core-10.1.20.jar:10.1.20]
	at org.springframework.web.filter.RequestContextFilter.doFilterInternal(RequestContextFilter.java:100) ~[spring-web-6.1.6.jar:6.1.6]
	at org.springframework.web.filter.OncePerRequestFilter.doFilter(OncePerRequestFilter.java:116) ~[spring-web-6.1.6.jar:6.1.6]
	at org.apache.catalina.core.ApplicationFilterChain.internalDoFilter(ApplicationFilterChain.java:175) ~[tomcat-embed-core-10.1.20.jar:10.1.20]
	at org.apache.catalina.core.ApplicationFilterChain.doFilter(ApplicationFilterChain.java:150) ~[tomcat-embed-core-10.1.20.jar:10.1.20]
	at org.springframework.web.filter.FormContentFilter.doFilterInternal(FormContentFilter.java:93) ~[spring-web-6.1.6.jar:6.1.6]
	at org.springframework.web.filter.OncePerRequestFilter.doFilter(OncePerRequestFilter.java:116) ~[spring-web-6.1.6.jar:6.1.6]
	at org.apache.catalina.core.ApplicationFilterChain.internalDoFilter(ApplicationFilterChain.java:175) ~[tomcat-embed-core-10.1.20.jar:10.1.20]
	at org.apache.catalina.core.ApplicationFilterChain.doFilter(ApplicationFilterChain.java:150) ~[tomcat-embed-core-10.1.20.jar:10.1.20]
	at org.springframework.web.filter.CharacterEncodingFilter.doFilterInternal(CharacterEncodingFilter.java:201) ~[spring-web-6.1.6.jar:6.1.6]
	at org.springframework.web.filter.OncePerRequestFilter.doFilter(OncePerRequestFilter.java:116) ~[spring-web-6.1.6.jar:6.1.6]
	at org.apache.catalina.core.ApplicationFilterChain.internalDoFilter(ApplicationFilterChain.java:175) ~[tomcat-embed-core-10.1.20.jar:10.1.20]
	at org.apache.catalina.core.ApplicationFilterChain.doFilter(ApplicationFilterChain.java:150) ~[tomcat-embed-core-10.1.20.jar:10.1.20]
	at org.apache.catalina.core.StandardWrapperValve.invoke(StandardWrapperValve.java:167) ~[tomcat-embed-core-10.1.20.jar:10.1.20]
	at org.apache.catalina.core.StandardContextValve.invoke(StandardContextValve.java:90) ~[tomcat-embed-core-10.1.20.jar:10.1.20]
	at org.apache.catalina.authenticator.AuthenticatorBase.invoke(AuthenticatorBase.java:482) ~[tomcat-embed-core-10.1.20.jar:10.1.20]
	at org.apache.catalina.core.StandardHostValve.invoke(StandardHostValve.java:115) ~[tomcat-embed-core-10.1.20.jar:10.1.20]
	at org.apache.catalina.valves.ErrorReportValve.invoke(ErrorReportValve.java:93) ~[tomcat-embed-core-10.1.20.jar:10.1.20]
	at org.apache.catalina.core.StandardEngineValve.invoke(StandardEngineValve.java:74) ~[tomcat-embed-core-10.1.20.jar:10.1.20]
	at org.apache.catalina.connector.CoyoteAdapter.service(CoyoteAdapter.java:344) ~[tomcat-embed-core-10.1.20.jar:10.1.20]
	at org.apache.coyote.http11.Http11Processor.service(Http11Processor.java:391) ~[tomcat-embed-core-10.1.20.jar:10.1.20]
	at org.apache.coyote.AbstractProcessorLight.process(AbstractProcessorLight.java:63) ~[tomcat-embed-core-10.1.20.jar:10.1.20]
	at org.apache.coyote.AbstractProtocol$ConnectionHandler.process(AbstractProtocol.java:896) ~[tomcat-embed-core-10.1.20.jar:10.1.20]
	at org.apache.tomcat.util.net.NioEndpoint$SocketProcessor.doRun(NioEndpoint.java:1736) ~[tomcat-embed-core-10.1.20.jar:10.1.20]
	at org.apache.tomcat.util.net.SocketProcessorBase.run(SocketProcessorBase.java:52) ~[tomcat-embed-core-10.1.20.jar:10.1.20]
	at org.apache.tomcat.util.threads.ThreadPoolExecutor.runWorker(ThreadPoolExecutor.java:1191) ~[tomcat-embed-core-10.1.20.jar:10.1.20]
	at org.apache.tomcat.util.threads.ThreadPoolExecutor$Worker.run(ThreadPoolExecutor.java:659) ~[tomcat-embed-core-10.1.20.jar:10.1.20]
	at org.apache.tomcat.util.threads.TaskThread$WrappingRunnable.run(TaskThread.java:63) ~[tomcat-embed-core-10.1.20.jar:10.1.20]
	at java.base/java.lang.Thread.run(Thread.java:1575) ~[na:na]
Caused by: com.mysql.cj.exceptions.UnableToConnectException: Public Key Retrieval is not allowed
	at java.base/jdk.internal.reflect.DirectConstructorHandleAccessor.newInstance(DirectConstructorHandleAccessor.java:62) ~[na:na]
	at java.base/java.lang.reflect.Constructor.newInstanceWithCaller(Constructor.java:501) ~[na:na]
	at java.base/java.lang.reflect.Constructor.newInstance(Constructor.java:485) ~[na:na]
	at com.mysql.cj.exceptions.ExceptionFactory.createException(ExceptionFactory.java:61) ~[mysql-connector-j-8.3.0.jar:8.3.0]
	at com.mysql.cj.exceptions.ExceptionFactory.createException(ExceptionFactory.java:85) ~[mysql-connector-j-8.3.0.jar:8.3.0]
	at com.mysql.cj.protocol.a.authentication.CachingSha2PasswordPlugin.nextAuthenticationStep(CachingSha2PasswordPlugin.java:131) ~[mysql-connector-j-8.3.0.jar:8.3.0]
	at com.mysql.cj.protocol.a.authentication.CachingSha2PasswordPlugin.nextAuthenticationStep(CachingSha2PasswordPlugin.java:49) ~[mysql-connector-j-8.3.0.jar:8.3.0]
	at com.mysql.cj.protocol.a.NativeAuthenticationProvider.proceedHandshakeWithPluggableAuthentication(NativeAuthenticationProvider.java:446) ~[mysql-connector-j-8.3.0.jar:8.3.0]
	at com.mysql.cj.protocol.a.NativeAuthenticationProvider.connect(NativeAuthenticationProvider.java:215) ~[mysql-connector-j-8.3.0.jar:8.3.0]
	at com.mysql.cj.protocol.a.NativeProtocol.connect(NativeProtocol.java:1428) ~[mysql-connector-j-8.3.0.jar:8.3.0]
	at com.mysql.cj.NativeSession.connect(NativeSession.java:133) ~[mysql-connector-j-8.3.0.jar:8.3.0]
	at com.mysql.cj.jdbc.ConnectionImpl.connectOneTryOnly(ConnectionImpl.java:935) ~[mysql-connector-j-8.3.0.jar:8.3.0]
	at com.mysql.cj.jdbc.ConnectionImpl.createNewIO(ConnectionImpl.java:805) ~[mysql-connector-j-8.3.0.jar:8.3.0]
	... 87 common frames omitted

2026-07-23T09:21:01.799+08:00  INFO 24644 --- [http-nio-8080-exec-10] com.zaxxer.hikari.HikariDataSource       : HikariPool-1 - Starting...
2026-07-23T09:21:01.799+08:00 ERROR 24644 --- [http-nio-8080-exec-7] c.c.l.common.GlobalExceptionHandler      : 系统异常: 

org.mybatis.spring.MyBatisSystemException: null
	at org.mybatis.spring.MyBatisExceptionTranslator.translateExceptionIfPossible(MyBatisExceptionTranslator.java:97) ~[mybatis-spring-3.0.3.jar:3.0.3]
	at org.mybatis.spring.SqlSessionTemplate$SqlSessionInterceptor.invoke(SqlSessionTemplate.java:439) ~[mybatis-spring-3.0.3.jar:3.0.3]
	at jdk.proxy2/jdk.proxy2.$Proxy75.selectList(Unknown Source) ~[na:na]
	at org.mybatis.spring.SqlSessionTemplate.selectList(SqlSessionTemplate.java:224) ~[mybatis-spring-3.0.3.jar:3.0.3]
	at com.baomidou.mybatisplus.core.override.MybatisMapperMethod.executeForMany(MybatisMapperMethod.java:164) ~[mybatis-plus-core-3.5.7.jar:3.5.7]
	at com.baomidou.mybatisplus.core.override.MybatisMapperMethod.execute(MybatisMapperMethod.java:77) ~[mybatis-plus-core-3.5.7.jar:3.5.7]
	at com.baomidou.mybatisplus.core.override.MybatisMapperProxy$PlainMethodInvoker.invoke(MybatisMapperProxy.java:152) ~[mybatis-plus-core-3.5.7.jar:3.5.7]
	at com.baomidou.mybatisplus.core.override.MybatisMapperProxy.invoke(MybatisMapperProxy.java:89) ~[mybatis-plus-core-3.5.7.jar:3.5.7]
	at jdk.proxy2/jdk.proxy2.$Proxy87.selectList(Unknown Source) ~[na:na]
	at com.ccb.lighting.module.device.service.impl.DevPoleServiceImpl.list(DevPoleServiceImpl.java:138) ~[classes/:na]
	at com.ccb.lighting.module.device.controller.DevPoleController.list(DevPoleController.java:75) ~[classes/:na]
	at java.base/jdk.internal.reflect.DirectMethodHandleAccessor.invoke(DirectMethodHandleAccessor.java:103) ~[na:na]
	at java.base/java.lang.reflect.Method.invoke(Method.java:580) ~[na:na]
	at org.springframework.web.method.support.InvocableHandlerMethod.doInvoke(InvocableHandlerMethod.java:255) ~[spring-web-6.1.6.jar:6.1.6]
	at org.springframework.web.method.support.InvocableHandlerMethod.invokeForRequest(InvocableHandlerMethod.java:188) ~[spring-web-6.1.6.jar:6.1.6]
	at org.springframework.web.servlet.mvc.method.annotation.ServletInvocableHandlerMethod.invokeAndHandle(ServletInvocableHandlerMethod.java:118) ~[spring-webmvc-6.1.6.jar:6.1.6]
	at org.springframework.web.servlet.mvc.method.annotation.RequestMappingHandlerAdapter.invokeHandlerMethod(RequestMappingHandlerAdapter.java:926) ~[spring-webmvc-6.1.6.jar:6.1.6]
	at org.springframework.web.servlet.mvc.method.annotation.RequestMappingHandlerAdapter.handleInternal(RequestMappingHandlerAdapter.java:831) ~[spring-webmvc-6.1.6.jar:6.1.6]
	at org.springframework.web.servlet.mvc.method.AbstractHandlerMethodAdapter.handle(AbstractHandlerMethodAdapter.java:87) ~[spring-webmvc-6.1.6.jar:6.1.6]
	at org.springframework.web.servlet.DispatcherServlet.doDispatch(DispatcherServlet.java:1089) ~[spring-webmvc-6.1.6.jar:6.1.6]
	at org.springframework.web.servlet.DispatcherServlet.doService(DispatcherServlet.java:979) ~[spring-webmvc-6.1.6.jar:6.1.6]
	at org.springframework.web.servlet.FrameworkServlet.processRequest(FrameworkServlet.java:1014) ~[spring-webmvc-6.1.6.jar:6.1.6]
	at org.springframework.web.servlet.FrameworkServlet.doGet(FrameworkServlet.java:903) ~[spring-webmvc-6.1.6.jar:6.1.6]
	at jakarta.servlet.http.HttpServlet.service(HttpServlet.java:564) ~[tomcat-embed-core-10.1.20.jar:6.0]
	at org.springframework.web.servlet.FrameworkServlet.service(FrameworkServlet.java:885) ~[spring-webmvc-6.1.6.jar:6.1.6]
	at jakarta.servlet.http.HttpServlet.service(HttpServlet.java:658) ~[tomcat-embed-core-10.1.20.jar:6.0]
	at org.apache.catalina.core.ApplicationFilterChain.internalDoFilter(ApplicationFilterChain.java:206) ~[tomcat-embed-core-10.1.20.jar:10.1.20]
	at org.apache.catalina.core.ApplicationFilterChain.doFilter(ApplicationFilterChain.java:150) ~[tomcat-embed-core-10.1.20.jar:10.1.20]
	at org.apache.tomcat.websocket.server.WsFilter.doFilter(WsFilter.java:51) ~[tomcat-embed-websocket-10.1.20.jar:10.1.20]
	at org.apache.catalina.core.ApplicationFilterChain.internalDoFilter(ApplicationFilterChain.java:175) ~[tomcat-embed-core-10.1.20.jar:10.1.20]
	at org.apache.catalina.core.ApplicationFilterChain.doFilter(ApplicationFilterChain.java:150) ~[tomcat-embed-core-10.1.20.jar:10.1.20]
	at org.springframework.web.filter.RequestContextFilter.doFilterInternal(RequestContextFilter.java:100) ~[spring-web-6.1.6.jar:6.1.6]
	at org.springframework.web.filter.OncePerRequestFilter.doFilter(OncePerRequestFilter.java:116) ~[spring-web-6.1.6.jar:6.1.6]
	at org.apache.catalina.core.ApplicationFilterChain.internalDoFilter(ApplicationFilterChain.java:175) ~[tomcat-embed-core-10.1.20.jar:10.1.20]
	at org.apache.catalina.core.ApplicationFilterChain.doFilter(ApplicationFilterChain.java:150) ~[tomcat-embed-core-10.1.20.jar:10.1.20]
	at org.springframework.web.filter.FormContentFilter.doFilterInternal(FormContentFilter.java:93) ~[spring-web-6.1.6.jar:6.1.6]
	at org.springframework.web.filter.OncePerRequestFilter.doFilter(OncePerRequestFilter.java:116) ~[spring-web-6.1.6.jar:6.1.6]
	at org.apache.catalina.core.ApplicationFilterChain.internalDoFilter(ApplicationFilterChain.java:175) ~[tomcat-embed-core-10.1.20.jar:10.1.20]
	at org.apache.catalina.core.ApplicationFilterChain.doFilter(ApplicationFilterChain.java:150) ~[tomcat-embed-core-10.1.20.jar:10.1.20]
	at org.springframework.web.filter.CharacterEncodingFilter.doFilterInternal(CharacterEncodingFilter.java:201) ~[spring-web-6.1.6.jar:6.1.6]
	at org.springframework.web.filter.OncePerRequestFilter.doFilter(OncePerRequestFilter.java:116) ~[spring-web-6.1.6.jar:6.1.6]
	at org.apache.catalina.core.ApplicationFilterChain.internalDoFilter(ApplicationFilterChain.java:175) ~[tomcat-embed-core-10.1.20.jar:10.1.20]
	at org.apache.catalina.core.ApplicationFilterChain.doFilter(ApplicationFilterChain.java:150) ~[tomcat-embed-core-10.1.20.jar:10.1.20]
	at org.apache.catalina.core.StandardWrapperValve.invoke(StandardWrapperValve.java:167) ~[tomcat-embed-core-10.1.20.jar:10.1.20]
	at org.apache.catalina.core.StandardContextValve.invoke(StandardContextValve.java:90) ~[tomcat-embed-core-10.1.20.jar:10.1.20]
	at org.apache.catalina.authenticator.AuthenticatorBase.invoke(AuthenticatorBase.java:482) ~[tomcat-embed-core-10.1.20.jar:10.1.20]
	at org.apache.catalina.core.StandardHostValve.invoke(StandardHostValve.java:115) ~[tomcat-embed-core-10.1.20.jar:10.1.20]
	at org.apache.catalina.valves.ErrorReportValve.invoke(ErrorReportValve.java:93) ~[tomcat-embed-core-10.1.20.jar:10.1.20]
	at org.apache.catalina.core.StandardEngineValve.invoke(StandardEngineValve.java:74) ~[tomcat-embed-core-10.1.20.jar:10.1.20]
	at org.apache.catalina.connector.CoyoteAdapter.service(CoyoteAdapter.java:344) ~[tomcat-embed-core-10.1.20.jar:10.1.20]
	at org.apache.coyote.http11.Http11Processor.service(Http11Processor.java:391) ~[tomcat-embed-core-10.1.20.jar:10.1.20]
	at org.apache.coyote.AbstractProcessorLight.process(AbstractProcessorLight.java:63) ~[tomcat-embed-core-10.1.20.jar:10.1.20]
	at org.apache.coyote.AbstractProtocol$ConnectionHandler.process(AbstractProtocol.java:896) ~[tomcat-embed-core-10.1.20.jar:10.1.20]
	at org.apache.tomcat.util.net.NioEndpoint$SocketProcessor.doRun(NioEndpoint.java:1736) ~[tomcat-embed-core-10.1.20.jar:10.1.20]
	at org.apache.tomcat.util.net.SocketProcessorBase.run(SocketProcessorBase.java:52) ~[tomcat-embed-core-10.1.20.jar:10.1.20]
	at org.apache.tomcat.util.threads.ThreadPoolExecutor.runWorker(ThreadPoolExecutor.java:1191) ~[tomcat-embed-core-10.1.20.jar:10.1.20]
	at org.apache.tomcat.util.threads.ThreadPoolExecutor$Worker.run(ThreadPoolExecutor.java:659) ~[tomcat-embed-core-10.1.20.jar:10.1.20]
	at org.apache.tomcat.util.threads.TaskThread$WrappingRunnable.run(TaskThread.java:63) ~[tomcat-embed-core-10.1.20.jar:10.1.20]
	at java.base/java.lang.Thread.run(Thread.java:1575) ~[na:na]
Caused by: org.apache.ibatis.exceptions.PersistenceException: 
### Error querying database.  Cause: org.springframework.jdbc.CannotGetJdbcConnectionException: Failed to obtain JDBC Connection
### The error may exist in com/ccb/lighting/module/device/mapper/DevPoleMapper.java (best guess)
### The error may involve com.ccb.lighting.module.device.mapper.DevPoleMapper.selectList
### The error occurred while executing a query
### Cause: org.springframework.jdbc.CannotGetJdbcConnectionException: Failed to obtain JDBC Connection
	at org.apache.ibatis.exceptions.ExceptionFactory.wrapException(ExceptionFactory.java:30) ~[mybatis-3.5.16.jar:3.5.16]
	at org.apache.ibatis.session.defaults.DefaultSqlSession.selectList(DefaultSqlSession.java:156) ~[mybatis-3.5.16.jar:3.5.16]
	at org.apache.ibatis.session.defaults.DefaultSqlSession.selectList(DefaultSqlSession.java:147) ~[mybatis-3.5.16.jar:3.5.16]
	at org.apache.ibatis.session.defaults.DefaultSqlSession.selectList(DefaultSqlSession.java:142) ~[mybatis-3.5.16.jar:3.5.16]
	at java.base/jdk.internal.reflect.DirectMethodHandleAccessor.invoke(DirectMethodHandleAccessor.java:103) ~[na:na]
	at java.base/java.lang.reflect.Method.invoke(Method.java:580) ~[na:na]
	at org.mybatis.spring.SqlSessionTemplate$SqlSessionInterceptor.invoke(SqlSessionTemplate.java:425) ~[mybatis-spring-3.0.3.jar:3.0.3]
	... 57 common frames omitted
Caused by: org.springframework.jdbc.CannotGetJdbcConnectionException: Failed to obtain JDBC Connection
	at org.springframework.jdbc.datasource.DataSourceUtils.getConnection(DataSourceUtils.java:84) ~[spring-jdbc-6.1.6.jar:6.1.6]
	at org.mybatis.spring.transaction.SpringManagedTransaction.openConnection(SpringManagedTransaction.java:80) ~[mybatis-spring-3.0.3.jar:3.0.3]
	at org.mybatis.spring.transaction.SpringManagedTransaction.getConnection(SpringManagedTransaction.java:67) ~[mybatis-spring-3.0.3.jar:3.0.3]
	at org.apache.ibatis.executor.BaseExecutor.getConnection(BaseExecutor.java:348) ~[mybatis-3.5.16.jar:3.5.16]
	at org.apache.ibatis.executor.SimpleExecutor.prepareStatement(SimpleExecutor.java:89) ~[mybatis-3.5.16.jar:3.5.16]
	at org.apache.ibatis.executor.SimpleExecutor.doQuery(SimpleExecutor.java:64) ~[mybatis-3.5.16.jar:3.5.16]
	at org.apache.ibatis.executor.BaseExecutor.queryFromDatabase(BaseExecutor.java:336) ~[mybatis-3.5.16.jar:3.5.16]
	at org.apache.ibatis.executor.BaseExecutor.query(BaseExecutor.java:158) ~[mybatis-3.5.16.jar:3.5.16]
	at org.apache.ibatis.executor.CachingExecutor.query(CachingExecutor.java:110) ~[mybatis-3.5.16.jar:3.5.16]
	at com.baomidou.mybatisplus.extension.plugins.MybatisPlusInterceptor.intercept(MybatisPlusInterceptor.java:81) ~[mybatis-plus-extension-3.5.7.jar:3.5.7]
	at org.apache.ibatis.plugin.Plugin.invoke(Plugin.java:59) ~[mybatis-3.5.16.jar:3.5.16]
	at jdk.proxy2/jdk.proxy2.$Proxy114.query(Unknown Source) ~[na:na]
	at org.apache.ibatis.session.defaults.DefaultSqlSession.selectList(DefaultSqlSession.java:154) ~[mybatis-3.5.16.jar:3.5.16]
	... 62 common frames omitted
Caused by: java.sql.SQLNonTransientConnectionException: Public Key Retrieval is not allowed
	at com.mysql.cj.jdbc.exceptions.SQLError.createSQLException(SQLError.java:111) ~[mysql-connector-j-8.3.0.jar:8.3.0]
	at com.mysql.cj.jdbc.exceptions.SQLExceptionsMapping.translateException(SQLExceptionsMapping.java:122) ~[mysql-connector-j-8.3.0.jar:8.3.0]
	at com.mysql.cj.jdbc.ConnectionImpl.createNewIO(ConnectionImpl.java:815) ~[mysql-connector-j-8.3.0.jar:8.3.0]
	at com.mysql.cj.jdbc.ConnectionImpl.<init>(ConnectionImpl.java:438) ~[mysql-connector-j-8.3.0.jar:8.3.0]
	at com.mysql.cj.jdbc.ConnectionImpl.getInstance(ConnectionImpl.java:241) ~[mysql-connector-j-8.3.0.jar:8.3.0]
	at com.mysql.cj.jdbc.NonRegisteringDriver.connect(NonRegisteringDriver.java:189) ~[mysql-connector-j-8.3.0.jar:8.3.0]
	at com.zaxxer.hikari.util.DriverDataSource.getConnection(DriverDataSource.java:138) ~[HikariCP-5.0.1.jar:na]
	at com.zaxxer.hikari.pool.PoolBase.newConnection(PoolBase.java:359) ~[HikariCP-5.0.1.jar:na]
	at com.zaxxer.hikari.pool.PoolBase.newPoolEntry(PoolBase.java:201) ~[HikariCP-5.0.1.jar:na]
	at com.zaxxer.hikari.pool.HikariPool.createPoolEntry(HikariPool.java:470) ~[HikariCP-5.0.1.jar:na]
	at com.zaxxer.hikari.pool.HikariPool.checkFailFast(HikariPool.java:561) ~[HikariCP-5.0.1.jar:na]
	at com.zaxxer.hikari.pool.HikariPool.<init>(HikariPool.java:100) ~[HikariCP-5.0.1.jar:na]
	at com.zaxxer.hikari.HikariDataSource.getConnection(HikariDataSource.java:112) ~[HikariCP-5.0.1.jar:na]
	at org.springframework.jdbc.datasource.DataSourceUtils.fetchConnection(DataSourceUtils.java:160) ~[spring-jdbc-6.1.6.jar:6.1.6]
	at org.springframework.jdbc.datasource.DataSourceUtils.doGetConnection(DataSourceUtils.java:118) ~[spring-jdbc-6.1.6.jar:6.1.6]
	at org.springframework.jdbc.datasource.DataSourceUtils.getConnection(DataSourceUtils.java:81) ~[spring-jdbc-6.1.6.jar:6.1.6]
	... 74 common frames omitted
Caused by: com.mysql.cj.exceptions.UnableToConnectException: Public Key Retrieval is not allowed
	at java.base/jdk.internal.reflect.DirectConstructorHandleAccessor.newInstance(DirectConstructorHandleAccessor.java:62) ~[na:na]
	at java.base/java.lang.reflect.Constructor.newInstanceWithCaller(Constructor.java:501) ~[na:na]
	at java.base/java.lang.reflect.Constructor.newInstance(Constructor.java:485) ~[na:na]
	at com.mysql.cj.exceptions.ExceptionFactory.createException(ExceptionFactory.java:61) ~[mysql-connector-j-8.3.0.jar:8.3.0]
	at com.mysql.cj.exceptions.ExceptionFactory.createException(ExceptionFactory.java:85) ~[mysql-connector-j-8.3.0.jar:8.3.0]
	at com.mysql.cj.protocol.a.authentication.CachingSha2PasswordPlugin.nextAuthenticationStep(CachingSha2PasswordPlugin.java:131) ~[mysql-connector-j-8.3.0.jar:8.3.0]
	at com.mysql.cj.protocol.a.authentication.CachingSha2PasswordPlugin.nextAuthenticationStep(CachingSha2PasswordPlugin.java:49) ~[mysql-connector-j-8.3.0.jar:8.3.0]
	at com.mysql.cj.protocol.a.NativeAuthenticationProvider.proceedHandshakeWithPluggableAuthentication(NativeAuthenticationProvider.java:446) ~[mysql-connector-j-8.3.0.jar:8.3.0]
	at com.mysql.cj.protocol.a.NativeAuthenticationProvider.connect(NativeAuthenticationProvider.java:215) ~[mysql-connector-j-8.3.0.jar:8.3.0]
	at com.mysql.cj.protocol.a.NativeProtocol.connect(NativeProtocol.java:1428) ~[mysql-connector-j-8.3.0.jar:8.3.0]
	at com.mysql.cj.NativeSession.connect(NativeSession.java:133) ~[mysql-connector-j-8.3.0.jar:8.3.0]
	at com.mysql.cj.jdbc.ConnectionImpl.connectOneTryOnly(ConnectionImpl.java:935) ~[mysql-connector-j-8.3.0.jar:8.3.0]
	at com.mysql.cj.jdbc.ConnectionImpl.createNewIO(ConnectionImpl.java:805) ~[mysql-connector-j-8.3.0.jar:8.3.0]
	... 87 common frames omitted

2026-07-23T09:21:02.809+08:00 ERROR 24644 --- [http-nio-8080-exec-10] com.zaxxer.hikari.pool.HikariPool        : HikariPool-1 - Exception during pool initialization.

java.sql.SQLNonTransientConnectionException: Public Key Retrieval is not allowed
	at com.mysql.cj.jdbc.exceptions.SQLError.createSQLException(SQLError.java:111) ~[mysql-connector-j-8.3.0.jar:8.3.0]
	at com.mysql.cj.jdbc.exceptions.SQLExceptionsMapping.translateException(SQLExceptionsMapping.java:122) ~[mysql-connector-j-8.3.0.jar:8.3.0]
	at com.mysql.cj.jdbc.ConnectionImpl.createNewIO(ConnectionImpl.java:815) ~[mysql-connector-j-8.3.0.jar:8.3.0]
	at com.mysql.cj.jdbc.ConnectionImpl.<init>(ConnectionImpl.java:438) ~[mysql-connector-j-8.3.0.jar:8.3.0]
	at com.mysql.cj.jdbc.ConnectionImpl.getInstance(ConnectionImpl.java:241) ~[mysql-connector-j-8.3.0.jar:8.3.0]
	at com.mysql.cj.jdbc.NonRegisteringDriver.connect(NonRegisteringDriver.java:189) ~[mysql-connector-j-8.3.0.jar:8.3.0]
	at com.zaxxer.hikari.util.DriverDataSource.getConnection(DriverDataSource.java:138) ~[HikariCP-5.0.1.jar:na]
	at com.zaxxer.hikari.pool.PoolBase.newConnection(PoolBase.java:359) ~[HikariCP-5.0.1.jar:na]
	at com.zaxxer.hikari.pool.PoolBase.newPoolEntry(PoolBase.java:201) ~[HikariCP-5.0.1.jar:na]
	at com.zaxxer.hikari.pool.HikariPool.createPoolEntry(HikariPool.java:470) ~[HikariCP-5.0.1.jar:na]
	at com.zaxxer.hikari.pool.HikariPool.checkFailFast(HikariPool.java:561) ~[HikariCP-5.0.1.jar:na]
	at com.zaxxer.hikari.pool.HikariPool.<init>(HikariPool.java:100) ~[HikariCP-5.0.1.jar:na]
	at com.zaxxer.hikari.HikariDataSource.getConnection(HikariDataSource.java:112) ~[HikariCP-5.0.1.jar:na]
	at org.springframework.jdbc.datasource.DataSourceUtils.fetchConnection(DataSourceUtils.java:160) ~[spring-jdbc-6.1.6.jar:6.1.6]
	at org.springframework.jdbc.datasource.DataSourceUtils.doGetConnection(DataSourceUtils.java:118) ~[spring-jdbc-6.1.6.jar:6.1.6]
	at org.springframework.jdbc.datasource.DataSourceUtils.getConnection(DataSourceUtils.java:81) ~[spring-jdbc-6.1.6.jar:6.1.6]
	at org.mybatis.spring.transaction.SpringManagedTransaction.openConnection(SpringManagedTransaction.java:80) ~[mybatis-spring-3.0.3.jar:3.0.3]
	at org.mybatis.spring.transaction.SpringManagedTransaction.getConnection(SpringManagedTransaction.java:67) ~[mybatis-spring-3.0.3.jar:3.0.3]
	at org.apache.ibatis.executor.BaseExecutor.getConnection(BaseExecutor.java:348) ~[mybatis-3.5.16.jar:3.5.16]
	at org.apache.ibatis.executor.SimpleExecutor.prepareStatement(SimpleExecutor.java:89) ~[mybatis-3.5.16.jar:3.5.16]
	at org.apache.ibatis.executor.SimpleExecutor.doQuery(SimpleExecutor.java:64) ~[mybatis-3.5.16.jar:3.5.16]
	at org.apache.ibatis.executor.BaseExecutor.queryFromDatabase(BaseExecutor.java:336) ~[mybatis-3.5.16.jar:3.5.16]
	at org.apache.ibatis.executor.BaseExecutor.query(BaseExecutor.java:158) ~[mybatis-3.5.16.jar:3.5.16]
	at org.apache.ibatis.executor.CachingExecutor.query(CachingExecutor.java:110) ~[mybatis-3.5.16.jar:3.5.16]
	at com.baomidou.mybatisplus.extension.plugins.inner.PaginationInnerInterceptor.willDoQuery(PaginationInnerInterceptor.java:135) ~[mybatis-plus-extension-3.5.7.jar:3.5.7]
	at com.baomidou.mybatisplus.extension.plugins.MybatisPlusInterceptor.intercept(MybatisPlusInterceptor.java:75) ~[mybatis-plus-extension-3.5.7.jar:3.5.7]
	at org.apache.ibatis.plugin.Plugin.invoke(Plugin.java:59) ~[mybatis-3.5.16.jar:3.5.16]
	at jdk.proxy2/jdk.proxy2.$Proxy114.query(Unknown Source) ~[na:na]
	at org.apache.ibatis.session.defaults.DefaultSqlSession.selectList(DefaultSqlSession.java:154) ~[mybatis-3.5.16.jar:3.5.16]
	at org.apache.ibatis.session.defaults.DefaultSqlSession.selectList(DefaultSqlSession.java:147) ~[mybatis-3.5.16.jar:3.5.16]
	at org.apache.ibatis.session.defaults.DefaultSqlSession.selectList(DefaultSqlSession.java:142) ~[mybatis-3.5.16.jar:3.5.16]
	at java.base/jdk.internal.reflect.DirectMethodHandleAccessor.invoke(DirectMethodHandleAccessor.java:103) ~[na:na]
	at java.base/java.lang.reflect.Method.invoke(Method.java:580) ~[na:na]
	at org.mybatis.spring.SqlSessionTemplate$SqlSessionInterceptor.invoke(SqlSessionTemplate.java:425) ~[mybatis-spring-3.0.3.jar:3.0.3]
	at jdk.proxy2/jdk.proxy2.$Proxy75.selectList(Unknown Source) ~[na:na]
	at org.mybatis.spring.SqlSessionTemplate.selectList(SqlSessionTemplate.java:224) ~[mybatis-spring-3.0.3.jar:3.0.3]
	at com.baomidou.mybatisplus.core.override.MybatisMapperMethod.executeForMany(MybatisMapperMethod.java:164) ~[mybatis-plus-core-3.5.7.jar:3.5.7]
	at com.baomidou.mybatisplus.core.override.MybatisMapperMethod.execute(MybatisMapperMethod.java:77) ~[mybatis-plus-core-3.5.7.jar:3.5.7]
	at com.baomidou.mybatisplus.core.override.MybatisMapperProxy$PlainMethodInvoker.invoke(MybatisMapperProxy.java:152) ~[mybatis-plus-core-3.5.7.jar:3.5.7]
	at com.baomidou.mybatisplus.core.override.MybatisMapperProxy.invoke(MybatisMapperProxy.java:89) ~[mybatis-plus-core-3.5.7.jar:3.5.7]
	at jdk.proxy2/jdk.proxy2.$Proxy83.selectList(Unknown Source) ~[na:na]
	at com.baomidou.mybatisplus.core.mapper.BaseMapper.selectPage(BaseMapper.java:432) ~[mybatis-plus-core-3.5.7.jar:3.5.7]
	at java.base/java.lang.invoke.MethodHandle.invokeWithArguments(MethodHandle.java:735) ~[na:na]
	at com.baomidou.mybatisplus.core.override.MybatisMapperProxy$DefaultMethodInvoker.invoke(MybatisMapperProxy.java:166) ~[mybatis-plus-core-3.5.7.jar:3.5.7]
	at com.baomidou.mybatisplus.core.override.MybatisMapperProxy.invoke(MybatisMapperProxy.java:89) ~[mybatis-plus-core-3.5.7.jar:3.5.7]
	at jdk.proxy2/jdk.proxy2.$Proxy83.selectPage(Unknown Source) ~[na:na]
	at com.ccb.lighting.module.device.service.impl.DevDeviceServiceImpl.pageList(DevDeviceServiceImpl.java:72) ~[classes/:na]
	at com.ccb.lighting.module.device.controller.DevDeviceController.page(DevDeviceController.java:59) ~[classes/:na]
	at java.base/jdk.internal.reflect.DirectMethodHandleAccessor.invoke(DirectMethodHandleAccessor.java:103) ~[na:na]
	at java.base/java.lang.reflect.Method.invoke(Method.java:580) ~[na:na]
	at org.springframework.web.method.support.InvocableHandlerMethod.doInvoke(InvocableHandlerMethod.java:255) ~[spring-web-6.1.6.jar:6.1.6]
	at org.springframework.web.method.support.InvocableHandlerMethod.invokeForRequest(InvocableHandlerMethod.java:188) ~[spring-web-6.1.6.jar:6.1.6]
	at org.springframework.web.servlet.mvc.method.annotation.ServletInvocableHandlerMethod.invokeAndHandle(ServletInvocableHandlerMethod.java:118) ~[spring-webmvc-6.1.6.jar:6.1.6]
	at org.springframework.web.servlet.mvc.method.annotation.RequestMappingHandlerAdapter.invokeHandlerMethod(RequestMappingHandlerAdapter.java:926) ~[spring-webmvc-6.1.6.jar:6.1.6]
	at org.springframework.web.servlet.mvc.method.annotation.RequestMappingHandlerAdapter.handleInternal(RequestMappingHandlerAdapter.java:831) ~[spring-webmvc-6.1.6.jar:6.1.6]
	at org.springframework.web.servlet.mvc.method.AbstractHandlerMethodAdapter.handle(AbstractHandlerMethodAdapter.java:87) ~[spring-webmvc-6.1.6.jar:6.1.6]
	at org.springframework.web.servlet.DispatcherServlet.doDispatch(DispatcherServlet.java:1089) ~[spring-webmvc-6.1.6.jar:6.1.6]
	at org.springframework.web.servlet.DispatcherServlet.doService(DispatcherServlet.java:979) ~[spring-webmvc-6.1.6.jar:6.1.6]
	at org.springframework.web.servlet.FrameworkServlet.processRequest(FrameworkServlet.java:1014) ~[spring-webmvc-6.1.6.jar:6.1.6]
	at org.springframework.web.servlet.FrameworkServlet.doGet(FrameworkServlet.java:903) ~[spring-webmvc-6.1.6.jar:6.1.6]
	at jakarta.servlet.http.HttpServlet.service(HttpServlet.java:564) ~[tomcat-embed-core-10.1.20.jar:6.0]
	at org.springframework.web.servlet.FrameworkServlet.service(FrameworkServlet.java:885) ~[spring-webmvc-6.1.6.jar:6.1.6]
	at jakarta.servlet.http.HttpServlet.service(HttpServlet.java:658) ~[tomcat-embed-core-10.1.20.jar:6.0]
	at org.apache.catalina.core.ApplicationFilterChain.internalDoFilter(ApplicationFilterChain.java:206) ~[tomcat-embed-core-10.1.20.jar:10.1.20]
	at org.apache.catalina.core.ApplicationFilterChain.doFilter(ApplicationFilterChain.java:150) ~[tomcat-embed-core-10.1.20.jar:10.1.20]
	at org.apache.tomcat.websocket.server.WsFilter.doFilter(WsFilter.java:51) ~[tomcat-embed-websocket-10.1.20.jar:10.1.20]
	at org.apache.catalina.core.ApplicationFilterChain.internalDoFilter(ApplicationFilterChain.java:175) ~[tomcat-embed-core-10.1.20.jar:10.1.20]
	at org.apache.catalina.core.ApplicationFilterChain.doFilter(ApplicationFilterChain.java:150) ~[tomcat-embed-core-10.1.20.jar:10.1.20]
	at org.springframework.web.filter.RequestContextFilter.doFilterInternal(RequestContextFilter.java:100) ~[spring-web-6.1.6.jar:6.1.6]
	at org.springframework.web.filter.OncePerRequestFilter.doFilter(OncePerRequestFilter.java:116) ~[spring-web-6.1.6.jar:6.1.6]
	at org.apache.catalina.core.ApplicationFilterChain.internalDoFilter(ApplicationFilterChain.java:175) ~[tomcat-embed-core-10.1.20.jar:10.1.20]
	at org.apache.catalina.core.ApplicationFilterChain.doFilter(ApplicationFilterChain.java:150) ~[tomcat-embed-core-10.1.20.jar:10.1.20]
	at org.springframework.web.filter.FormContentFilter.doFilterInternal(FormContentFilter.java:93) ~[spring-web-6.1.6.jar:6.1.6]
	at org.springframework.web.filter.OncePerRequestFilter.doFilter(OncePerRequestFilter.java:116) ~[spring-web-6.1.6.jar:6.1.6]
	at org.apache.catalina.core.ApplicationFilterChain.internalDoFilter(ApplicationFilterChain.java:175) ~[tomcat-embed-core-10.1.20.jar:10.1.20]
	at org.apache.catalina.core.ApplicationFilterChain.doFilter(ApplicationFilterChain.java:150) ~[tomcat-embed-core-10.1.20.jar:10.1.20]
	at org.springframework.web.filter.CharacterEncodingFilter.doFilterInternal(CharacterEncodingFilter.java:201) ~[spring-web-6.1.6.jar:6.1.6]
	at org.springframework.web.filter.OncePerRequestFilter.doFilter(OncePerRequestFilter.java:116) ~[spring-web-6.1.6.jar:6.1.6]
	at org.apache.catalina.core.ApplicationFilterChain.internalDoFilter(ApplicationFilterChain.java:175) ~[tomcat-embed-core-10.1.20.jar:10.1.20]
	at org.apache.catalina.core.ApplicationFilterChain.doFilter(ApplicationFilterChain.java:150) ~[tomcat-embed-core-10.1.20.jar:10.1.20]
	at org.apache.catalina.core.StandardWrapperValve.invoke(StandardWrapperValve.java:167) ~[tomcat-embed-core-10.1.20.jar:10.1.20]
	at org.apache.catalina.core.StandardContextValve.invoke(StandardContextValve.java:90) ~[tomcat-embed-core-10.1.20.jar:10.1.20]
	at org.apache.catalina.authenticator.AuthenticatorBase.invoke(AuthenticatorBase.java:482) ~[tomcat-embed-core-10.1.20.jar:10.1.20]
	at org.apache.catalina.core.StandardHostValve.invoke(StandardHostValve.java:115) ~[tomcat-embed-core-10.1.20.jar:10.1.20]
	at org.apache.catalina.valves.ErrorReportValve.invoke(ErrorReportValve.java:93) ~[tomcat-embed-core-10.1.20.jar:10.1.20]
	at org.apache.catalina.core.StandardEngineValve.invoke(StandardEngineValve.java:74) ~[tomcat-embed-core-10.1.20.jar:10.1.20]
	at org.apache.catalina.connector.CoyoteAdapter.service(CoyoteAdapter.java:344) ~[tomcat-embed-core-10.1.20.jar:10.1.20]
	at org.apache.coyote.http11.Http11Processor.service(Http11Processor.java:391) ~[tomcat-embed-core-10.1.20.jar:10.1.20]
	at org.apache.coyote.AbstractProcessorLight.process(AbstractProcessorLight.java:63) ~[tomcat-embed-core-10.1.20.jar:10.1.20]
	at org.apache.coyote.AbstractProtocol$ConnectionHandler.process(AbstractProtocol.java:896) ~[tomcat-embed-core-10.1.20.jar:10.1.20]
	at org.apache.tomcat.util.net.NioEndpoint$SocketProcessor.doRun(NioEndpoint.java:1736) ~[tomcat-embed-core-10.1.20.jar:10.1.20]
	at org.apache.tomcat.util.net.SocketProcessorBase.run(SocketProcessorBase.java:52) ~[tomcat-embed-core-10.1.20.jar:10.1.20]
	at org.apache.tomcat.util.threads.ThreadPoolExecutor.runWorker(ThreadPoolExecutor.java:1191) ~[tomcat-embed-core-10.1.20.jar:10.1.20]
	at org.apache.tomcat.util.threads.ThreadPoolExecutor$Worker.run(ThreadPoolExecutor.java:659) ~[tomcat-embed-core-10.1.20.jar:10.1.20]
	at org.apache.tomcat.util.threads.TaskThread$WrappingRunnable.run(TaskThread.java:63) ~[tomcat-embed-core-10.1.20.jar:10.1.20]
	at java.base/java.lang.Thread.run(Thread.java:1575) ~[na:na]
Caused by: com.mysql.cj.exceptions.UnableToConnectException: Public Key Retrieval is not allowed
	at java.base/jdk.internal.reflect.DirectConstructorHandleAccessor.newInstance(DirectConstructorHandleAccessor.java:62) ~[na:na]
	at java.base/java.lang.reflect.Constructor.newInstanceWithCaller(Constructor.java:501) ~[na:na]
	at java.base/java.lang.reflect.Constructor.newInstance(Constructor.java:485) ~[na:na]
	at com.mysql.cj.exceptions.ExceptionFactory.createException(ExceptionFactory.java:61) ~[mysql-connector-j-8.3.0.jar:8.3.0]
	at com.mysql.cj.exceptions.ExceptionFactory.createException(ExceptionFactory.java:85) ~[mysql-connector-j-8.3.0.jar:8.3.0]
	at com.mysql.cj.protocol.a.authentication.CachingSha2PasswordPlugin.nextAuthenticationStep(CachingSha2PasswordPlugin.java:131) ~[mysql-connector-j-8.3.0.jar:8.3.0]
	at com.mysql.cj.protocol.a.authentication.CachingSha2PasswordPlugin.nextAuthenticationStep(CachingSha2PasswordPlugin.java:49) ~[mysql-connector-j-8.3.0.jar:8.3.0]
	at com.mysql.cj.protocol.a.NativeAuthenticationProvider.proceedHandshakeWithPluggableAuthentication(NativeAuthenticationProvider.java:446) ~[mysql-connector-j-8.3.0.jar:8.3.0]
	at com.mysql.cj.protocol.a.NativeAuthenticationProvider.connect(NativeAuthenticationProvider.java:215) ~[mysql-connector-j-8.3.0.jar:8.3.0]
	at com.mysql.cj.protocol.a.NativeProtocol.connect(NativeProtocol.java:1428) ~[mysql-connector-j-8.3.0.jar:8.3.0]
	at com.mysql.cj.NativeSession.connect(NativeSession.java:133) ~[mysql-connector-j-8.3.0.jar:8.3.0]
	at com.mysql.cj.jdbc.ConnectionImpl.connectOneTryOnly(ConnectionImpl.java:935) ~[mysql-connector-j-8.3.0.jar:8.3.0]
	at com.mysql.cj.jdbc.ConnectionImpl.createNewIO(ConnectionImpl.java:805) ~[mysql-connector-j-8.3.0.jar:8.3.0]
	... 93 common frames omitted

2026-07-23T09:21:02.811+08:00 ERROR 24644 --- [http-nio-8080-exec-10] c.c.l.common.GlobalExceptionHandler      : 系统异常: 

org.mybatis.spring.MyBatisSystemException: null
	at org.mybatis.spring.MyBatisExceptionTranslator.translateExceptionIfPossible(MyBatisExceptionTranslator.java:97) ~[mybatis-spring-3.0.3.jar:3.0.3]
	at org.mybatis.spring.SqlSessionTemplate$SqlSessionInterceptor.invoke(SqlSessionTemplate.java:439) ~[mybatis-spring-3.0.3.jar:3.0.3]
	at jdk.proxy2/jdk.proxy2.$Proxy75.selectList(Unknown Source) ~[na:na]
	at org.mybatis.spring.SqlSessionTemplate.selectList(SqlSessionTemplate.java:224) ~[mybatis-spring-3.0.3.jar:3.0.3]
	at com.baomidou.mybatisplus.core.override.MybatisMapperMethod.executeForMany(MybatisMapperMethod.java:164) ~[mybatis-plus-core-3.5.7.jar:3.5.7]
	at com.baomidou.mybatisplus.core.override.MybatisMapperMethod.execute(MybatisMapperMethod.java:77) ~[mybatis-plus-core-3.5.7.jar:3.5.7]
	at com.baomidou.mybatisplus.core.override.MybatisMapperProxy$PlainMethodInvoker.invoke(MybatisMapperProxy.java:152) ~[mybatis-plus-core-3.5.7.jar:3.5.7]
	at com.baomidou.mybatisplus.core.override.MybatisMapperProxy.invoke(MybatisMapperProxy.java:89) ~[mybatis-plus-core-3.5.7.jar:3.5.7]
	at jdk.proxy2/jdk.proxy2.$Proxy83.selectList(Unknown Source) ~[na:na]
	at com.baomidou.mybatisplus.core.mapper.BaseMapper.selectPage(BaseMapper.java:432) ~[mybatis-plus-core-3.5.7.jar:3.5.7]
	at java.base/java.lang.invoke.MethodHandle.invokeWithArguments(MethodHandle.java:735) ~[na:na]
	at com.baomidou.mybatisplus.core.override.MybatisMapperProxy$DefaultMethodInvoker.invoke(MybatisMapperProxy.java:166) ~[mybatis-plus-core-3.5.7.jar:3.5.7]
	at com.baomidou.mybatisplus.core.override.MybatisMapperProxy.invoke(MybatisMapperProxy.java:89) ~[mybatis-plus-core-3.5.7.jar:3.5.7]
	at jdk.proxy2/jdk.proxy2.$Proxy83.selectPage(Unknown Source) ~[na:na]
	at com.ccb.lighting.module.device.service.impl.DevDeviceServiceImpl.pageList(DevDeviceServiceImpl.java:72) ~[classes/:na]
	at com.ccb.lighting.module.device.controller.DevDeviceController.page(DevDeviceController.java:59) ~[classes/:na]
	at java.base/jdk.internal.reflect.DirectMethodHandleAccessor.invoke(DirectMethodHandleAccessor.java:103) ~[na:na]
	at java.base/java.lang.reflect.Method.invoke(Method.java:580) ~[na:na]
	at org.springframework.web.method.support.InvocableHandlerMethod.doInvoke(InvocableHandlerMethod.java:255) ~[spring-web-6.1.6.jar:6.1.6]
	at org.springframework.web.method.support.InvocableHandlerMethod.invokeForRequest(InvocableHandlerMethod.java:188) ~[spring-web-6.1.6.jar:6.1.6]
	at org.springframework.web.servlet.mvc.method.annotation.ServletInvocableHandlerMethod.invokeAndHandle(ServletInvocableHandlerMethod.java:118) ~[spring-webmvc-6.1.6.jar:6.1.6]
	at org.springframework.web.servlet.mvc.method.annotation.RequestMappingHandlerAdapter.invokeHandlerMethod(RequestMappingHandlerAdapter.java:926) ~[spring-webmvc-6.1.6.jar:6.1.6]
	at org.springframework.web.servlet.mvc.method.annotation.RequestMappingHandlerAdapter.handleInternal(RequestMappingHandlerAdapter.java:831) ~[spring-webmvc-6.1.6.jar:6.1.6]
	at org.springframework.web.servlet.mvc.method.AbstractHandlerMethodAdapter.handle(AbstractHandlerMethodAdapter.java:87) ~[spring-webmvc-6.1.6.jar:6.1.6]
	at org.springframework.web.servlet.DispatcherServlet.doDispatch(DispatcherServlet.java:1089) ~[spring-webmvc-6.1.6.jar:6.1.6]
	at org.springframework.web.servlet.DispatcherServlet.doService(DispatcherServlet.java:979) ~[spring-webmvc-6.1.6.jar:6.1.6]
	at org.springframework.web.servlet.FrameworkServlet.processRequest(FrameworkServlet.java:1014) ~[spring-webmvc-6.1.6.jar:6.1.6]
	at org.springframework.web.servlet.FrameworkServlet.doGet(FrameworkServlet.java:903) ~[spring-webmvc-6.1.6.jar:6.1.6]
	at jakarta.servlet.http.HttpServlet.service(HttpServlet.java:564) ~[tomcat-embed-core-10.1.20.jar:6.0]
	at org.springframework.web.servlet.FrameworkServlet.service(FrameworkServlet.java:885) ~[spring-webmvc-6.1.6.jar:6.1.6]
	at jakarta.servlet.http.HttpServlet.service(HttpServlet.java:658) ~[tomcat-embed-core-10.1.20.jar:6.0]
	at org.apache.catalina.core.ApplicationFilterChain.internalDoFilter(ApplicationFilterChain.java:206) ~[tomcat-embed-core-10.1.20.jar:10.1.20]
	at org.apache.catalina.core.ApplicationFilterChain.doFilter(ApplicationFilterChain.java:150) ~[tomcat-embed-core-10.1.20.jar:10.1.20]
	at org.apache.tomcat.websocket.server.WsFilter.doFilter(WsFilter.java:51) ~[tomcat-embed-websocket-10.1.20.jar:10.1.20]
	at org.apache.catalina.core.ApplicationFilterChain.internalDoFilter(ApplicationFilterChain.java:175) ~[tomcat-embed-core-10.1.20.jar:10.1.20]
	at org.apache.catalina.core.ApplicationFilterChain.doFilter(ApplicationFilterChain.java:150) ~[tomcat-embed-core-10.1.20.jar:10.1.20]
	at org.springframework.web.filter.RequestContextFilter.doFilterInternal(RequestContextFilter.java:100) ~[spring-web-6.1.6.jar:6.1.6]
	at org.springframework.web.filter.OncePerRequestFilter.doFilter(OncePerRequestFilter.java:116) ~[spring-web-6.1.6.jar:6.1.6]
	at org.apache.catalina.core.ApplicationFilterChain.internalDoFilter(ApplicationFilterChain.java:175) ~[tomcat-embed-core-10.1.20.jar:10.1.20]
	at org.apache.catalina.core.ApplicationFilterChain.doFilter(ApplicationFilterChain.java:150) ~[tomcat-embed-core-10.1.20.jar:10.1.20]
	at org.springframework.web.filter.FormContentFilter.doFilterInternal(FormContentFilter.java:93) ~[spring-web-6.1.6.jar:6.1.6]
	at org.springframework.web.filter.OncePerRequestFilter.doFilter(OncePerRequestFilter.java:116) ~[spring-web-6.1.6.jar:6.1.6]
	at org.apache.catalina.core.ApplicationFilterChain.internalDoFilter(ApplicationFilterChain.java:175) ~[tomcat-embed-core-10.1.20.jar:10.1.20]
	at org.apache.catalina.core.ApplicationFilterChain.doFilter(ApplicationFilterChain.java:150) ~[tomcat-embed-core-10.1.20.jar:10.1.20]
	at org.springframework.web.filter.CharacterEncodingFilter.doFilterInternal(CharacterEncodingFilter.java:201) ~[spring-web-6.1.6.jar:6.1.6]
	at org.springframework.web.filter.OncePerRequestFilter.doFilter(OncePerRequestFilter.java:116) ~[spring-web-6.1.6.jar:6.1.6]
	at org.apache.catalina.core.ApplicationFilterChain.internalDoFilter(ApplicationFilterChain.java:175) ~[tomcat-embed-core-10.1.20.jar:10.1.20]
	at org.apache.catalina.core.ApplicationFilterChain.doFilter(ApplicationFilterChain.java:150) ~[tomcat-embed-core-10.1.20.jar:10.1.20]
	at org.apache.catalina.core.StandardWrapperValve.invoke(StandardWrapperValve.java:167) ~[tomcat-embed-core-10.1.20.jar:10.1.20]
	at org.apache.catalina.core.StandardContextValve.invoke(StandardContextValve.java:90) ~[tomcat-embed-core-10.1.20.jar:10.1.20]
	at org.apache.catalina.authenticator.AuthenticatorBase.invoke(AuthenticatorBase.java:482) ~[tomcat-embed-core-10.1.20.jar:10.1.20]
	at org.apache.catalina.core.StandardHostValve.invoke(StandardHostValve.java:115) ~[tomcat-embed-core-10.1.20.jar:10.1.20]
	at org.apache.catalina.valves.ErrorReportValve.invoke(ErrorReportValve.java:93) ~[tomcat-embed-core-10.1.20.jar:10.1.20]
	at org.apache.catalina.core.StandardEngineValve.invoke(StandardEngineValve.java:74) ~[tomcat-embed-core-10.1.20.jar:10.1.20]
	at org.apache.catalina.connector.CoyoteAdapter.service(CoyoteAdapter.java:344) ~[tomcat-embed-core-10.1.20.jar:10.1.20]
	at org.apache.coyote.http11.Http11Processor.service(Http11Processor.java:391) ~[tomcat-embed-core-10.1.20.jar:10.1.20]
	at org.apache.coyote.AbstractProcessorLight.process(AbstractProcessorLight.java:63) ~[tomcat-embed-core-10.1.20.jar:10.1.20]
	at org.apache.coyote.AbstractProtocol$ConnectionHandler.process(AbstractProtocol.java:896) ~[tomcat-embed-core-10.1.20.jar:10.1.20]
	at org.apache.tomcat.util.net.NioEndpoint$SocketProcessor.doRun(NioEndpoint.java:1736) ~[tomcat-embed-core-10.1.20.jar:10.1.20]
	at org.apache.tomcat.util.net.SocketProcessorBase.run(SocketProcessorBase.java:52) ~[tomcat-embed-core-10.1.20.jar:10.1.20]
	at org.apache.tomcat.util.threads.ThreadPoolExecutor.runWorker(ThreadPoolExecutor.java:1191) ~[tomcat-embed-core-10.1.20.jar:10.1.20]
	at org.apache.tomcat.util.threads.ThreadPoolExecutor$Worker.run(ThreadPoolExecutor.java:659) ~[tomcat-embed-core-10.1.20.jar:10.1.20]
	at org.apache.tomcat.util.threads.TaskThread$WrappingRunnable.run(TaskThread.java:63) ~[tomcat-embed-core-10.1.20.jar:10.1.20]
	at java.base/java.lang.Thread.run(Thread.java:1575) ~[na:na]
Caused by: org.apache.ibatis.exceptions.PersistenceException: 
### Error querying database.  Cause: org.springframework.jdbc.CannotGetJdbcConnectionException: Failed to obtain JDBC Connection
### The error may exist in com/ccb/lighting/module/device/mapper/DevDeviceMapper.java (best guess)
### The error may involve com.ccb.lighting.module.device.mapper.DevDeviceMapper.selectList_mpCount
### The error occurred while executing a query
### Cause: org.springframework.jdbc.CannotGetJdbcConnectionException: Failed to obtain JDBC Connection
	at org.apache.ibatis.exceptions.ExceptionFactory.wrapException(ExceptionFactory.java:30) ~[mybatis-3.5.16.jar:3.5.16]
	at org.apache.ibatis.session.defaults.DefaultSqlSession.selectList(DefaultSqlSession.java:156) ~[mybatis-3.5.16.jar:3.5.16]
	at org.apache.ibatis.session.defaults.DefaultSqlSession.selectList(DefaultSqlSession.java:147) ~[mybatis-3.5.16.jar:3.5.16]
	at org.apache.ibatis.session.defaults.DefaultSqlSession.selectList(DefaultSqlSession.java:142) ~[mybatis-3.5.16.jar:3.5.16]
	at java.base/jdk.internal.reflect.DirectMethodHandleAccessor.invoke(DirectMethodHandleAccessor.java:103) ~[na:na]
	at java.base/java.lang.reflect.Method.invoke(Method.java:580) ~[na:na]
	at org.mybatis.spring.SqlSessionTemplate$SqlSessionInterceptor.invoke(SqlSessionTemplate.java:425) ~[mybatis-spring-3.0.3.jar:3.0.3]
	... 62 common frames omitted
Caused by: org.springframework.jdbc.CannotGetJdbcConnectionException: Failed to obtain JDBC Connection
	at org.springframework.jdbc.datasource.DataSourceUtils.getConnection(DataSourceUtils.java:84) ~[spring-jdbc-6.1.6.jar:6.1.6]
	at org.mybatis.spring.transaction.SpringManagedTransaction.openConnection(SpringManagedTransaction.java:80) ~[mybatis-spring-3.0.3.jar:3.0.3]
	at org.mybatis.spring.transaction.SpringManagedTransaction.getConnection(SpringManagedTransaction.java:67) ~[mybatis-spring-3.0.3.jar:3.0.3]
	at org.apache.ibatis.executor.BaseExecutor.getConnection(BaseExecutor.java:348) ~[mybatis-3.5.16.jar:3.5.16]
	at org.apache.ibatis.executor.SimpleExecutor.prepareStatement(SimpleExecutor.java:89) ~[mybatis-3.5.16.jar:3.5.16]
	at org.apache.ibatis.executor.SimpleExecutor.doQuery(SimpleExecutor.java:64) ~[mybatis-3.5.16.jar:3.5.16]
	at org.apache.ibatis.executor.BaseExecutor.queryFromDatabase(BaseExecutor.java:336) ~[mybatis-3.5.16.jar:3.5.16]
	at org.apache.ibatis.executor.BaseExecutor.query(BaseExecutor.java:158) ~[mybatis-3.5.16.jar:3.5.16]
	at org.apache.ibatis.executor.CachingExecutor.query(CachingExecutor.java:110) ~[mybatis-3.5.16.jar:3.5.16]
	at com.baomidou.mybatisplus.extension.plugins.inner.PaginationInnerInterceptor.willDoQuery(PaginationInnerInterceptor.java:135) ~[mybatis-plus-extension-3.5.7.jar:3.5.7]
	at com.baomidou.mybatisplus.extension.plugins.MybatisPlusInterceptor.intercept(MybatisPlusInterceptor.java:75) ~[mybatis-plus-extension-3.5.7.jar:3.5.7]
	at org.apache.ibatis.plugin.Plugin.invoke(Plugin.java:59) ~[mybatis-3.5.16.jar:3.5.16]
	at jdk.proxy2/jdk.proxy2.$Proxy114.query(Unknown Source) ~[na:na]
	at org.apache.ibatis.session.defaults.DefaultSqlSession.selectList(DefaultSqlSession.java:154) ~[mybatis-3.5.16.jar:3.5.16]
	... 67 common frames omitted
Caused by: java.sql.SQLNonTransientConnectionException: Public Key Retrieval is not allowed
	at com.mysql.cj.jdbc.exceptions.SQLError.createSQLException(SQLError.java:111) ~[mysql-connector-j-8.3.0.jar:8.3.0]
	at com.mysql.cj.jdbc.exceptions.SQLExceptionsMapping.translateException(SQLExceptionsMapping.java:122) ~[mysql-connector-j-8.3.0.jar:8.3.0]
	at com.mysql.cj.jdbc.ConnectionImpl.createNewIO(ConnectionImpl.java:815) ~[mysql-connector-j-8.3.0.jar:8.3.0]
	at com.mysql.cj.jdbc.ConnectionImpl.<init>(ConnectionImpl.java:438) ~[mysql-connector-j-8.3.0.jar:8.3.0]
	at com.mysql.cj.jdbc.ConnectionImpl.getInstance(ConnectionImpl.java:241) ~[mysql-connector-j-8.3.0.jar:8.3.0]
	at com.mysql.cj.jdbc.NonRegisteringDriver.connect(NonRegisteringDriver.java:189) ~[mysql-connector-j-8.3.0.jar:8.3.0]
	at com.zaxxer.hikari.util.DriverDataSource.getConnection(DriverDataSource.java:138) ~[HikariCP-5.0.1.jar:na]
	at com.zaxxer.hikari.pool.PoolBase.newConnection(PoolBase.java:359) ~[HikariCP-5.0.1.jar:na]
	at com.zaxxer.hikari.pool.PoolBase.newPoolEntry(PoolBase.java:201) ~[HikariCP-5.0.1.jar:na]
	at com.zaxxer.hikari.pool.HikariPool.createPoolEntry(HikariPool.java:470) ~[HikariCP-5.0.1.jar:na]
	at com.zaxxer.hikari.pool.HikariPool.checkFailFast(HikariPool.java:561) ~[HikariCP-5.0.1.jar:na]
	at com.zaxxer.hikari.pool.HikariPool.<init>(HikariPool.java:100) ~[HikariCP-5.0.1.jar:na]
	at com.zaxxer.hikari.HikariDataSource.getConnection(HikariDataSource.java:112) ~[HikariCP-5.0.1.jar:na]
	at org.springframework.jdbc.datasource.DataSourceUtils.fetchConnection(DataSourceUtils.java:160) ~[spring-jdbc-6.1.6.jar:6.1.6]
	at org.springframework.jdbc.datasource.DataSourceUtils.doGetConnection(DataSourceUtils.java:118) ~[spring-jdbc-6.1.6.jar:6.1.6]
	at org.springframework.jdbc.datasource.DataSourceUtils.getConnection(DataSourceUtils.java:81) ~[spring-jdbc-6.1.6.jar:6.1.6]
	... 80 common frames omitted
Caused by: com.mysql.cj.exceptions.UnableToConnectException: Public Key Retrieval is not allowed
	at java.base/jdk.internal.reflect.DirectConstructorHandleAccessor.newInstance(DirectConstructorHandleAccessor.java:62) ~[na:na]
	at java.base/java.lang.reflect.Constructor.newInstanceWithCaller(Constructor.java:501) ~[na:na]
	at java.base/java.lang.reflect.Constructor.newInstance(Constructor.java:485) ~[na:na]
	at com.mysql.cj.exceptions.ExceptionFactory.createException(ExceptionFactory.java:61) ~[mysql-connector-j-8.3.0.jar:8.3.0]
	at com.mysql.cj.exceptions.ExceptionFactory.createException(ExceptionFactory.java:85) ~[mysql-connector-j-8.3.0.jar:8.3.0]
	at com.mysql.cj.protocol.a.authentication.CachingSha2PasswordPlugin.nextAuthenticationStep(CachingSha2PasswordPlugin.java:131) ~[mysql-connector-j-8.3.0.jar:8.3.0]
	at com.mysql.cj.protocol.a.authentication.CachingSha2PasswordPlugin.nextAuthenticationStep(CachingSha2PasswordPlugin.java:49) ~[mysql-connector-j-8.3.0.jar:8.3.0]
	at com.mysql.cj.protocol.a.NativeAuthenticationProvider.proceedHandshakeWithPluggableAuthentication(NativeAuthenticationProvider.java:446) ~[mysql-connector-j-8.3.0.jar:8.3.0]
	at com.mysql.cj.protocol.a.NativeAuthenticationProvider.connect(NativeAuthenticationProvider.java:215) ~[mysql-connector-j-8.3.0.jar:8.3.0]
	at com.mysql.cj.protocol.a.NativeProtocol.connect(NativeProtocol.java:1428) ~[mysql-connector-j-8.3.0.jar:8.3.0]
	at com.mysql.cj.NativeSession.connect(NativeSession.java:133) ~[mysql-connector-j-8.3.0.jar:8.3.0]
	at com.mysql.cj.jdbc.ConnectionImpl.connectOneTryOnly(ConnectionImpl.java:935) ~[mysql-connector-j-8.3.0.jar:8.3.0]
	at com.mysql.cj.jdbc.ConnectionImpl.createNewIO(ConnectionImpl.java:805) ~[mysql-connector-j-8.3.0.jar:8.3.0]
	... 93 common frames omitted

2026-07-23T09:21:42.501+08:00  INFO 24644 --- [http-nio-8080-exec-9] com.zaxxer.hikari.HikariDataSource       : HikariPool-1 - Starting...
2026-07-23T09:21:42.527+08:00  INFO 24644 --- [http-nio-8080-exec-9] com.zaxxer.hikari.pool.HikariPool        : HikariPool-1 - Added connection com.mysql.cj.jdbc.ConnectionImpl@6aafd8ee
2026-07-23T09:21:42.529+08:00  INFO 24644 --- [http-nio-8080-exec-9] com.zaxxer.hikari.HikariDataSource       : HikariPool-1 - Start completed.
2026-07-23T09:27:03.100+08:00 ERROR 24644 --- [http-nio-8080-exec-1] c.c.l.common.GlobalExceptionHandler      : 系统异常: 

org.springframework.http.converter.HttpMessageNotReadableException: JSON parse error: Cannot deserialize value of type `java.lang.Integer` from String "在线": not a valid `java.lang.Integer` value
	at org.springframework.http.converter.json.AbstractJackson2HttpMessageConverter.readJavaType(AbstractJackson2HttpMessageConverter.java:406) ~[spring-web-6.1.6.jar:6.1.6]
	at org.springframework.http.converter.json.AbstractJackson2HttpMessageConverter.read(AbstractJackson2HttpMessageConverter.java:354) ~[spring-web-6.1.6.jar:6.1.6]
	at org.springframework.web.servlet.mvc.method.annotation.AbstractMessageConverterMethodArgumentResolver.readWithMessageConverters(AbstractMessageConverterMethodArgumentResolver.java:184) ~[spring-webmvc-6.1.6.jar:6.1.6]
	at org.springframework.web.servlet.mvc.method.annotation.RequestResponseBodyMethodProcessor.readWithMessageConverters(RequestResponseBodyMethodProcessor.java:161) ~[spring-webmvc-6.1.6.jar:6.1.6]
	at org.springframework.web.servlet.mvc.method.annotation.RequestResponseBodyMethodProcessor.resolveArgument(RequestResponseBodyMethodProcessor.java:135) ~[spring-webmvc-6.1.6.jar:6.1.6]
	at org.springframework.web.method.support.HandlerMethodArgumentResolverComposite.resolveArgument(HandlerMethodArgumentResolverComposite.java:122) ~[spring-web-6.1.6.jar:6.1.6]
	at org.springframework.web.method.support.InvocableHandlerMethod.getMethodArgumentValues(InvocableHandlerMethod.java:224) ~[spring-web-6.1.6.jar:6.1.6]
	at org.springframework.web.method.support.InvocableHandlerMethod.invokeForRequest(InvocableHandlerMethod.java:178) ~[spring-web-6.1.6.jar:6.1.6]
	at org.springframework.web.servlet.mvc.method.annotation.ServletInvocableHandlerMethod.invokeAndHandle(ServletInvocableHandlerMethod.java:118) ~[spring-webmvc-6.1.6.jar:6.1.6]
	at org.springframework.web.servlet.mvc.method.annotation.RequestMappingHandlerAdapter.invokeHandlerMethod(RequestMappingHandlerAdapter.java:926) ~[spring-webmvc-6.1.6.jar:6.1.6]
	at org.springframework.web.servlet.mvc.method.annotation.RequestMappingHandlerAdapter.handleInternal(RequestMappingHandlerAdapter.java:831) ~[spring-webmvc-6.1.6.jar:6.1.6]
	at org.springframework.web.servlet.mvc.method.AbstractHandlerMethodAdapter.handle(AbstractHandlerMethodAdapter.java:87) ~[spring-webmvc-6.1.6.jar:6.1.6]
	at org.springframework.web.servlet.DispatcherServlet.doDispatch(DispatcherServlet.java:1089) ~[spring-webmvc-6.1.6.jar:6.1.6]
	at org.springframework.web.servlet.DispatcherServlet.doService(DispatcherServlet.java:979) ~[spring-webmvc-6.1.6.jar:6.1.6]
	at org.springframework.web.servlet.FrameworkServlet.processRequest(FrameworkServlet.java:1014) ~[spring-webmvc-6.1.6.jar:6.1.6]
	at org.springframework.web.servlet.FrameworkServlet.doPost(FrameworkServlet.java:914) ~[spring-webmvc-6.1.6.jar:6.1.6]
	at jakarta.servlet.http.HttpServlet.service(HttpServlet.java:590) ~[tomcat-embed-core-10.1.20.jar:6.0]
	at org.springframework.web.servlet.FrameworkServlet.service(FrameworkServlet.java:885) ~[spring-webmvc-6.1.6.jar:6.1.6]
	at jakarta.servlet.http.HttpServlet.service(HttpServlet.java:658) ~[tomcat-embed-core-10.1.20.jar:6.0]
	at org.apache.catalina.core.ApplicationFilterChain.internalDoFilter(ApplicationFilterChain.java:206) ~[tomcat-embed-core-10.1.20.jar:10.1.20]
	at org.apache.catalina.core.ApplicationFilterChain.doFilter(ApplicationFilterChain.java:150) ~[tomcat-embed-core-10.1.20.jar:10.1.20]
	at org.apache.tomcat.websocket.server.WsFilter.doFilter(WsFilter.java:51) ~[tomcat-embed-websocket-10.1.20.jar:10.1.20]
	at org.apache.catalina.core.ApplicationFilterChain.internalDoFilter(ApplicationFilterChain.java:175) ~[tomcat-embed-core-10.1.20.jar:10.1.20]
	at org.apache.catalina.core.ApplicationFilterChain.doFilter(ApplicationFilterChain.java:150) ~[tomcat-embed-core-10.1.20.jar:10.1.20]
	at org.springframework.web.filter.RequestContextFilter.doFilterInternal(RequestContextFilter.java:100) ~[spring-web-6.1.6.jar:6.1.6]
	at org.springframework.web.filter.OncePerRequestFilter.doFilter(OncePerRequestFilter.java:116) ~[spring-web-6.1.6.jar:6.1.6]
	at org.apache.catalina.core.ApplicationFilterChain.internalDoFilter(ApplicationFilterChain.java:175) ~[tomcat-embed-core-10.1.20.jar:10.1.20]
	at org.apache.catalina.core.ApplicationFilterChain.doFilter(ApplicationFilterChain.java:150) ~[tomcat-embed-core-10.1.20.jar:10.1.20]
	at org.springframework.web.filter.FormContentFilter.doFilterInternal(FormContentFilter.java:93) ~[spring-web-6.1.6.jar:6.1.6]
	at org.springframework.web.filter.OncePerRequestFilter.doFilter(OncePerRequestFilter.java:116) ~[spring-web-6.1.6.jar:6.1.6]
	at org.apache.catalina.core.ApplicationFilterChain.internalDoFilter(ApplicationFilterChain.java:175) ~[tomcat-embed-core-10.1.20.jar:10.1.20]
	at org.apache.catalina.core.ApplicationFilterChain.doFilter(ApplicationFilterChain.java:150) ~[tomcat-embed-core-10.1.20.jar:10.1.20]
	at org.springframework.web.filter.CharacterEncodingFilter.doFilterInternal(CharacterEncodingFilter.java:201) ~[spring-web-6.1.6.jar:6.1.6]
	at org.springframework.web.filter.OncePerRequestFilter.doFilter(OncePerRequestFilter.java:116) ~[spring-web-6.1.6.jar:6.1.6]
	at org.apache.catalina.core.ApplicationFilterChain.internalDoFilter(ApplicationFilterChain.java:175) ~[tomcat-embed-core-10.1.20.jar:10.1.20]
	at org.apache.catalina.core.ApplicationFilterChain.doFilter(ApplicationFilterChain.java:150) ~[tomcat-embed-core-10.1.20.jar:10.1.20]
	at org.apache.catalina.core.StandardWrapperValve.invoke(StandardWrapperValve.java:167) ~[tomcat-embed-core-10.1.20.jar:10.1.20]
	at org.apache.catalina.core.StandardContextValve.invoke(StandardContextValve.java:90) ~[tomcat-embed-core-10.1.20.jar:10.1.20]
	at org.apache.catalina.authenticator.AuthenticatorBase.invoke(AuthenticatorBase.java:482) ~[tomcat-embed-core-10.1.20.jar:10.1.20]
	at org.apache.catalina.core.StandardHostValve.invoke(StandardHostValve.java:115) ~[tomcat-embed-core-10.1.20.jar:10.1.20]
	at org.apache.catalina.valves.ErrorReportValve.invoke(ErrorReportValve.java:93) ~[tomcat-embed-core-10.1.20.jar:10.1.20]
	at org.apache.catalina.core.StandardEngineValve.invoke(StandardEngineValve.java:74) ~[tomcat-embed-core-10.1.20.jar:10.1.20]
	at org.apache.catalina.connector.CoyoteAdapter.service(CoyoteAdapter.java:344) ~[tomcat-embed-core-10.1.20.jar:10.1.20]
	at org.apache.coyote.http11.Http11Processor.service(Http11Processor.java:391) ~[tomcat-embed-core-10.1.20.jar:10.1.20]
	at org.apache.coyote.AbstractProcessorLight.process(AbstractProcessorLight.java:63) ~[tomcat-embed-core-10.1.20.jar:10.1.20]
	at org.apache.coyote.AbstractProtocol$ConnectionHandler.process(AbstractProtocol.java:896) ~[tomcat-embed-core-10.1.20.jar:10.1.20]
	at org.apache.tomcat.util.net.NioEndpoint$SocketProcessor.doRun(NioEndpoint.java:1736) ~[tomcat-embed-core-10.1.20.jar:10.1.20]
	at org.apache.tomcat.util.net.SocketProcessorBase.run(SocketProcessorBase.java:52) ~[tomcat-embed-core-10.1.20.jar:10.1.20]
	at org.apache.tomcat.util.threads.ThreadPoolExecutor.runWorker(ThreadPoolExecutor.java:1191) ~[tomcat-embed-core-10.1.20.jar:10.1.20]
	at org.apache.tomcat.util.threads.ThreadPoolExecutor$Worker.run(ThreadPoolExecutor.java:659) ~[tomcat-embed-core-10.1.20.jar:10.1.20]
	at org.apache.tomcat.util.threads.TaskThread$WrappingRunnable.run(TaskThread.java:63) ~[tomcat-embed-core-10.1.20.jar:10.1.20]
	at java.base/java.lang.Thread.run(Thread.java:1575) ~[na:na]
Caused by: com.fasterxml.jackson.databind.exc.InvalidFormatException: Cannot deserialize value of type `java.lang.Integer` from String "在线": not a valid `java.lang.Integer` value
 at [Source: (org.springframework.util.StreamUtils$NonClosingInputStream); line: 1, column: 99] (through reference chain: com.ccb.lighting.module.video.entity.VideoCamera["status"])
	at com.fasterxml.jackson.databind.exc.InvalidFormatException.from(InvalidFormatException.java:67) ~[jackson-databind-2.15.4.jar:2.15.4]
	at com.fasterxml.jackson.databind.DeserializationContext.weirdStringException(DeserializationContext.java:2002) ~[jackson-databind-2.15.4.jar:2.15.4]
	at com.fasterxml.jackson.databind.DeserializationContext.handleWeirdStringValue(DeserializationContext.java:1230) ~[jackson-databind-2.15.4.jar:2.15.4]
	at com.fasterxml.jackson.databind.deser.std.StdDeserializer._parseInteger(StdDeserializer.java:844) ~[jackson-databind-2.15.4.jar:2.15.4]
	at com.fasterxml.jackson.databind.deser.std.StdDeserializer._parseInteger(StdDeserializer.java:824) ~[jackson-databind-2.15.4.jar:2.15.4]
	at com.fasterxml.jackson.databind.deser.std.NumberDeserializers$IntegerDeserializer.deserialize(NumberDeserializers.java:531) ~[jackson-databind-2.15.4.jar:2.15.4]
	at com.fasterxml.jackson.databind.deser.std.NumberDeserializers$IntegerDeserializer.deserialize(NumberDeserializers.java:506) ~[jackson-databind-2.15.4.jar:2.15.4]
	at com.fasterxml.jackson.databind.deser.impl.MethodProperty.deserializeAndSet(MethodProperty.java:129) ~[jackson-databind-2.15.4.jar:2.15.4]
	at com.fasterxml.jackson.databind.deser.BeanDeserializer.deserializeFromObject(BeanDeserializer.java:392) ~[jackson-databind-2.15.4.jar:2.15.4]
	at com.fasterxml.jackson.databind.deser.BeanDeserializer.deserialize(BeanDeserializer.java:185) ~[jackson-databind-2.15.4.jar:2.15.4]
	at com.fasterxml.jackson.databind.deser.DefaultDeserializationContext.readRootValue(DefaultDeserializationContext.java:323) ~[jackson-databind-2.15.4.jar:2.15.4]
	at com.fasterxml.jackson.databind.ObjectReader._bindAndClose(ObjectReader.java:2105) ~[jackson-databind-2.15.4.jar:2.15.4]
	at com.fasterxml.jackson.databind.ObjectReader.readValue(ObjectReader.java:1481) ~[jackson-databind-2.15.4.jar:2.15.4]
	at org.springframework.http.converter.json.AbstractJackson2HttpMessageConverter.readJavaType(AbstractJackson2HttpMessageConverter.java:395) ~[spring-web-6.1.6.jar:6.1.6]
	... 51 common frames omitted

2026-07-23T10:16:53.866+08:00  INFO 24644 --- [SpringApplicationShutdownHook] com.zaxxer.hikari.HikariDataSource       : HikariPool-1 - Shutdown initiated...
2026-07-23T10:16:53.869+08:00  INFO 24644 --- [SpringApplicationShutdownHook] com.zaxxer.hikari.HikariDataSource       : HikariPool-1 - Shutdown completed.
2026-07-23T10:26:10.600+08:00  INFO 5452 --- [main] c.ccb.lighting.SmartLightingApplication  : Starting SmartLightingApplication using Java 23.0.2 with PID 5452 (C:\Users\14168\Desktop\项目参考\项目实体\smart-lighting\target\classes started by 14168 in C:\Users\14168\Desktop\项目参考\项目实体\smart-lighting)
2026-07-23T10:26:10.602+08:00 DEBUG 5452 --- [main] c.ccb.lighting.SmartLightingApplication  : Running with Spring Boot v3.2.5, Spring v6.1.6
2026-07-23T10:26:10.603+08:00  INFO 5452 --- [main] c.ccb.lighting.SmartLightingApplication  : The following 1 profile is active: "dev"
2026-07-23T10:26:12.015+08:00  INFO 5452 --- [main] o.s.b.w.embedded.tomcat.TomcatWebServer  : Tomcat initialized with port 8080 (http)
2026-07-23T10:26:12.032+08:00  INFO 5452 --- [main] o.apache.catalina.core.StandardService   : Starting service [Tomcat]
2026-07-23T10:26:12.032+08:00  INFO 5452 --- [main] o.apache.catalina.core.StandardEngine    : Starting Servlet engine: [Apache Tomcat/10.1.20]
2026-07-23T10:26:12.096+08:00  INFO 5452 --- [main] o.a.c.c.C.[Tomcat].[localhost].[/api]    : Initializing Spring embedded WebApplicationContext
2026-07-23T10:26:12.096+08:00  INFO 5452 --- [main] w.s.c.ServletWebServerApplicationContext : Root WebApplicationContext: initialization completed in 1394 ms
2026-07-23T10:26:12.314+08:00 DEBUG 5452 --- [main] c.b.m.e.s.MybatisSqlSessionFactoryBean   : Registered plugin: 'MybatisPlusInterceptor{interceptors=[PaginationInnerInterceptor(logger=org.apache.ibatis.logging.slf4j.Slf4jImpl@188a5fc2, overflow=false, maxLimit=null, dbType=MYSQL, dialect=null, optimizeJoin=true)]}'
2026-07-23T10:26:12.316+08:00 DEBUG 5452 --- [main] c.b.m.e.s.MybatisSqlSessionFactoryBean   : Property 'mapperLocations' was not specified.
2026-07-23T10:26:13.230+08:00  INFO 5452 --- [main] o.s.b.w.embedded.tomcat.TomcatWebServer  : Tomcat started on port 8080 (http) with context path '/api'
2026-07-23T10:26:13.239+08:00  INFO 5452 --- [main] c.ccb.lighting.SmartLightingApplication  : Started SmartLightingApplication in 3.245 seconds (process running for 3.973)
2026-07-23T10:26:15.592+08:00  INFO 5452 --- [http-nio-8080-exec-1] o.a.c.c.C.[Tomcat].[localhost].[/api]    : Initializing Spring DispatcherServlet 'dispatcherServlet'
2026-07-23T10:26:15.593+08:00  INFO 5452 --- [http-nio-8080-exec-1] o.s.web.servlet.DispatcherServlet        : Initializing Servlet 'dispatcherServlet'
2026-07-23T10:26:15.594+08:00  INFO 5452 --- [http-nio-8080-exec-1] o.s.web.servlet.DispatcherServlet        : Completed initialization in 1 ms
2026-07-23T10:26:15.897+08:00  INFO 5452 --- [http-nio-8080-exec-1] com.zaxxer.hikari.HikariDataSource       : HikariPool-1 - Starting...
2026-07-23T10:26:16.040+08:00  INFO 5452 --- [http-nio-8080-exec-1] com.zaxxer.hikari.pool.HikariPool        : HikariPool-1 - Added connection com.mysql.cj.jdbc.ConnectionImpl@45f0bd16
2026-07-23T10:26:16.042+08:00  INFO 5452 --- [http-nio-8080-exec-1] com.zaxxer.hikari.HikariDataSource       : HikariPool-1 - Start completed.
2026-07-23T10:31:29.083+08:00  INFO 5452 --- [SpringApplicationShutdownHook] com.zaxxer.hikari.HikariDataSource       : HikariPool-1 - Shutdown initiated...
2026-07-23T10:31:29.089+08:00  INFO 5452 --- [SpringApplicationShutdownHook] com.zaxxer.hikari.HikariDataSource       : HikariPool-1 - Shutdown completed.
